sentence_id,text,word_count,gold_tags,entity_count,entities
NCBI_TEST_0001,Clustering of missense mutations in the ataxia - telangiectasia gene in a sporadic T - cell leukaemia .,18,O O O O O O B-Disease I-Disease I-Disease O O O B-Disease I-Disease I-Disease I-Disease I-Disease O,2,ataxia - telangiectasia | sporadic T - cell leukaemia
NCBI_TEST_0002,Ataxia - telangiectasia ( A - T ) is a recessive multi - system disorder caused by mutations in the ATM gene at 11q22 - q23 ( ref . 3 ) .,32,B-Disease I-Disease I-Disease O B-Disease I-Disease I-Disease O O O B-Disease I-Disease I-Disease I-Disease I-Disease O O O O O O O O O O O O O O O O O,3,Ataxia - telangiectasia | A - T | recessive multi - system disorder
NCBI_TEST_0003,"The risk of cancer , especially lymphoid neoplasias , is substantially elevated in A - T patients and has long been associated with chromosomal instability .",26,O O O B-Disease O O B-Disease I-Disease O O O O O B-Disease I-Disease I-Disease O O O O O O O O O O,3,cancer | lymphoid neoplasias | A - T
NCBI_TEST_0004,"By analysing tumour DNA from patients with sporadic T - cell prolymphocytic leukaemia ( T - PLL ) , a rare clonal malignancy with similarities to a mature T - cell leukaemia seen in A - T , we demonstrate a high frequency of ATM mutations in T - PLL .",51,O O B-Disease O O O O B-Disease I-Disease I-Disease I-Disease I-Disease I-Disease O B-Disease I-Disease I-Disease O O O O B-Disease I-Disease O O O O B-Disease I-Disease I-Disease I-Disease I-Disease O O B-Disease I-Disease I-Disease O O O O O O O O O O B-Disease I-Disease I-Disease O,7,tumour | sporadic T - cell prolymphocytic leukaemia | T - PLL | clonal malignancy | mature T - cell leukaemia | A - T | T - PLL
NCBI_TEST_0005,"In marked contrast to the ATM mutation pattern in A - T , the most frequent nucleotide changes in this leukaemia were missense mutations .",25,O O O O O O O O O B-Disease I-Disease I-Disease O O O O O O O O B-Disease O O O O,2,A - T | leukaemia
NCBI_TEST_0006,"These clustered in the region corresponding to the kinase domain , which is highly conserved in ATM - related proteins in mouse , yeast and Drosophila .",27,O O O O O O O O O O O O O O O O O O O O O O O O O O O,0,
NCBI_TEST_0007,The resulting amino - acid substitutions are predicted to interfere with ATP binding or substrate recognition .,17,O O O O O O O O O O O O O O O O O,0,
NCBI_TEST_0008,Two of seventeen mutated T - PLL samples had a previously reported A - T allele .,17,O O O O B-Disease I-Disease I-Disease O O O O O B-Disease I-Disease I-Disease O O,2,T - PLL | A - T
NCBI_TEST_0009,"In contrast , no mutations were detected in the p53 gene , suggesting that this tumour suppressor is not frequently altered in this leukaemia .",25,O O O O O O O O O O O O O O O B-Disease O O O O O O O B-Disease O,2,tumour | leukaemia
NCBI_TEST_0010,Occasional missense mutations in ATM were also found in tumour DNA from patients with B - cell non - Hodgkins lymphomas ( B - NHL ) and a B - NHL cell line .,34,O O O O O O O O O B-Disease O O O O B-Disease I-Disease I-Disease I-Disease I-Disease I-Disease I-Disease O B-Disease I-Disease I-Disease O O O B-Disease I-Disease I-Disease O O O,4,tumour | B - cell non - Hodgkins lymphomas | B - NHL | B - NHL
NCBI_TEST_0011,The evidence of a significant proportion of loss - of - function mutations and a complete absence of the normal copy of ATM in the majority of mutated tumours establishes somatic inactivation of this gene in the pathogenesis of sporadic T - PLL and suggests that ATM acts as a tumour suppressor .,53,O O O O O O O O O O O O O O O O O O O O O O O O O O O O B-Disease O O O O O O O O O O B-Disease I-Disease I-Disease I-Disease O O O O O O O B-Disease O O,3,tumours | sporadic T - PLL | tumour
NCBI_TEST_0012,"As constitutional DNA was not available , a putative hereditary predisposition to T - PLL will require further investigation . .",21,O O O O O O O O O O O O B-Disease I-Disease I-Disease O O O O O O,1,T - PLL
NCBI_TEST_0013,Myotonic dystrophy protein kinase is involved in the modulation of the Ca2 + homeostasis in skeletal muscle cells .,19,B-Disease I-Disease O O O O O O O O O O O O O O O O O,1,Myotonic dystrophy
NCBI_TEST_0014,"Myotonic dystrophy ( DM ) , the most prevalent muscular disorder in adults , is caused by ( CTG ) n - repeat expansion in a gene encoding a protein kinase ( DM protein kinase ; DMPK ) and involves changes in cytoarchitecture and ion homeostasis .",47,B-Disease I-Disease O B-Disease O O O O O B-Disease I-Disease O O O O O O O O O O O O O O O O O O O O O B-Disease O O O O O O O O O O O O O O,4,Myotonic dystrophy | DM | muscular disorder | DM
NCBI_TEST_0015,"To obtain clues to the normal biological role of DMPK in cellular ion homeostasis , we have compared the resting [ Ca2 + ] i , the amplitude and shape of depolarization - induced Ca2 + transients , and the content of ATP - driven ion pumps in cultured skeletal muscle cells of wild - type and DMPK [ - / - ] knockout mice .",66,O O O O O O O O O O O O O O O O O O O O O O O O O O O O O O O O O O O O O O O O O O O O O O O O O O O O O O O O O O O O O O O O O O,0,
NCBI_TEST_0016,In vitro - differentiated DMPK [ - / - ] myotubes exhibit a higher resting [ Ca2 + ] i than do wild - type myotubes because of an altered open probability of voltage - dependent l - type Ca2 + and Na + channels .,46,O O O O O O O O O O O O O O O O O O O O O O O O O O O O O O O O O O O O O O O O O O O O O O,0,
NCBI_TEST_0017,The mutant myotubes exhibit smaller and slower Ca2 + responses upon triggering by acetylcholine or high external K + .,20,O O O O O O O O O O O O O O O O O O O O,0,
NCBI_TEST_0018,"In addition , we observed that these Ca2 + transients partially result from an influx of extracellular Ca2 + through the l - type Ca2 + channel .",28,O O O O O O O O O O O O O O O O O O O O O O O O O O O O,0,
NCBI_TEST_0019,Neither the content nor the activity of Na + / K + ATPase and sarcoplasmic reticulum Ca2 + - ATPase are affected by DMPK absence .,26,O O O O O O O O O O O O O O O O O O O O O O O O O O,0,
NCBI_TEST_0020,"In conclusion , our data suggest that DMPK is involved in modulating the initial events of excitation - contraction coupling in skeletal muscle . .",25,O O O O O O O O O O O O O O O O O O O O O O O O O,0,
NCBI_TEST_0021,Constitutional RB1 - gene mutations in patients with isolated unilateral retinoblastoma .,12,O O O O O O O O O B-Disease I-Disease O,1,unilateral retinoblastoma
NCBI_TEST_0022,"In most patients with isolated unilateral retinoblastoma , tumor development is initiated by somatic inactivation of both alleles of the RB1 gene .",23,O O O O O B-Disease I-Disease O B-Disease O O O O O O O O O O O O O O,2,unilateral retinoblastoma | tumor
NCBI_TEST_0023,"However , some of these patients can transmit retinoblastoma predisposition to their offspring .",14,O O O O O O O O B-Disease O O O O O,1,retinoblastoma
NCBI_TEST_0024,"To determine the frequency and nature of constitutional RB1 - gene mutations in patients with isolated unilateral retinoblastoma , we analyzed DNA from peripheral blood and from tumor tissue .",30,O O O O O O O O O O O O O O O O B-Disease I-Disease O O O O O O O O O B-Disease O O,2,unilateral retinoblastoma | tumor
NCBI_TEST_0025,The analysis of tumors from 54 ( 71 % ) of 76 informative patients showed loss of constitutional heterozygosity ( LOH ) at intragenic loci .,26,O O O B-Disease O O O O O O O O O O O O O O O O O O O O O O,1,tumors
NCBI_TEST_0026,Three of 13 uninformative patients had constitutional deletions .,9,O O O O O O O O O,0,
NCBI_TEST_0027,"For 39 randomly selected tumors , SSCP , hetero - duplex analysis , sequencing , and Southern blot analysis were used to identify mutations .",25,O O O O B-Disease O O O O O O O O O O O O O O O O O O O O,1,tumors
NCBI_TEST_0028,Mutations were detected in 21 ( 91 % ) of 23 tumors with LOH .,15,O O O O O O O O O O O B-Disease O O O,1,tumors
NCBI_TEST_0029,"In 6 ( 38 % ) of 16 tumors without LOH , one mutation was detected , and in 9 ( 56 % ) of the tumors without LOH , both mutations were found .",35,O O O O O O O O B-Disease O O O O O O O O O O O O O O O O O B-Disease O O O O O O O O,2,tumors | tumors
NCBI_TEST_0030,"Thus , a total of 45 mutations were identified in tumors of 36 patients .",15,O O O O O O O O O O B-Disease O O O O,1,tumors
NCBI_TEST_0031,"Thirty - nine of the mutations - including 34 small mutations , 2 large structural alterations , and hypermethylation in 3 tumors - were not detected in the corresponding peripheral blood DNA .",33,O O O O O O O O O O O O O O O O O O O O O O O O O O O O O O O O O,0,
NCBI_TEST_0032,"In 6 ( 17 % ) of the 36 patients , a mutation was detected in constitutional DNA , and 1 of these mutations is known to be associated with reduced expressivity .",33,O O O O O O O O O O O O O O O O O O O O O O O O O O O O O O O O O,0,
NCBI_TEST_0033,The presence of a constitutional mutation was not associated with an early age at treatment .,16,O O O O O O O O O O O O O O O O,0,
NCBI_TEST_0034,"In 1 patient , somatic mosaicism was demonstrated by molecular analysis of DNA and RNA from peripheral blood .",19,O O O O O O O O O O O O O O O O O O O,0,
NCBI_TEST_0035,"In 2 patients without a detectable mutation in peripheral blood , mosaicism was suggested because 1 of the patients showed multifocal tumors and the other later developed bilateral retinoblastoma .",30,O O O O O O O O O O O O O O O O O O O O O B-Disease O O O O O B-Disease I-Disease O,2,tumors | bilateral retinoblastoma
NCBI_TEST_0036,"In conclusion , our results emphasize that the manifestation and transmissibility of retinoblastoma depend on the nature of the first mutation , its time in development , and the number and types of cells that are affected . .",39,O O O O O O O O O O O O B-Disease O O O O O O O O O O O O O O O O O O O O O O O O O O,1,retinoblastoma
NCBI_TEST_0037,Hereditary deficiency of the fifth component of complement in man .,11,B-Disease I-Disease I-Disease I-Disease I-Disease I-Disease I-Disease I-Disease O O O,1,Hereditary deficiency of the fifth component of complement
NCBI_TEST_0038,I .,2,O O,0,
NCBI_TEST_0039,"Clinical , immunochemical , and family studies .",8,O O O O O O O O,0,
NCBI_TEST_0040,The first recognized human kindred with hereditary deficiency of the fifth component of complement ( C5 ) is described .,20,O O O O O O B-Disease I-Disease I-Disease I-Disease I-Disease I-Disease I-Disease I-Disease O O O O O O,1,hereditary deficiency of the fifth component of complement
NCBI_TEST_0041,"The proband , a 20 - year - old black female with systemic lupus erythematosus since age 11 , lacked serum hemolytic complement activity , even during remission .",29,O O O O O O O O O O O O B-Disease I-Disease I-Disease O O O O O O O O O O O O O O,1,systemic lupus erythematosus
NCBI_TEST_0042,C5 was undetectable in her serum by both immunodiffusion and hemolytic assays .,13,O O O O O O O O O O O O O,0,
NCBI_TEST_0043,"Other complement components were normal during remission of lupus , but C1 , C4 , C2 , and C3 levels fell during exacerbations .",24,O O O O O O O O O O O O O O O O O O O O O O O O,0,
NCBI_TEST_0044,"A younger half - sister , who had no underlying disease , was also found to lack immunochemically detectable C5 .",21,O O O O O O O O O O O O O O O O O O O O O,0,
NCBI_TEST_0045,"By hemolytic assay , she exhibited 1 - 2 % of the normal serum C5 level and normal concentrations of other complement components .",24,O O O O O O O O O O O O O O O O O O O O O O O O,0,
NCBI_TEST_0046,"C5 levels of other family members were either normal or approximately half - normal , consistent with autosomal codominant inheritance of the gene determining C5 deficiency .",27,O O O O O O O O O O O O O O O O O O O O O O O O B-Disease I-Disease O,1,C5 deficiency
NCBI_TEST_0047,Normal hemolytic titers were restored to both homozygous C5 - deficient ( C5D ) sera by addition of highly purified human C5 .,23,O O O O O O O O B-Disease I-Disease I-Disease O B-Disease O O O O O O O O O O,2,C5 - deficient | C5D
NCBI_TEST_0048,"In specific C5 titrations , however , it was noted that when limited amounts of C5 were assayed in the presence of low dilutions of either C5D serum , curving rather than linear dose - response plots were consistently obtained , suggesting some inhibitory effect .",46,O O O O O O O O O O O O O O O O O O O O O O O O O O B-Disease O O O O O O O O O O O O O O O O O O O,1,C5D
NCBI_TEST_0049,"Further studies suggested that low dilutions of C5D serum contain a factor ( or factors ) interfering at some step in the hemolytic assay of C5 , rather than a true C5 inhibitor or inactivator .",36,O O O O O O O B-Disease O O O O O O O O O O O O O O O O O O O O O O O O O O O O,1,C5D
NCBI_TEST_0050,"Of clinical interest are ( a ) the documentation of membranous glomerulonephritis , vasculitis , and arthritis in an individual lacking C5 ( and its biologic functions ) , and ( b ) a remarkable propensity to bacterial infections in the proband , even during periods of low - dose or alternate - day corticosteroid therapy .",57,O O O O O O O O O O O B-Disease O B-Disease O O B-Disease O O O O O O O O O O O O O O O O O O O O B-Disease I-Disease O O O O O O O O O O O O O O O O O O,4,glomerulonephritis | vasculitis | arthritis | bacterial infections
NCBI_TEST_0051,Other observations indicate that the C5D state is compatible with normal coagulation function and the capacity to mount a neutrophilic leukocytosis during pyogenic infection . .,26,O O O O O B-Disease O O O O O O O O O O O O O O O O B-Disease I-Disease O O,2,C5D | pyogenic infection
NCBI_TEST_0052,"Susceptibility to ankylosing spondylitis in twins : the role of genes , HLA , and the environment .",18,O O B-Disease I-Disease O O O O O O O O O O O O O O,1,ankylosing spondylitis
NCBI_TEST_0053,OBJECTIVE To determine the relative effects of genetic and environmental factors in susceptibility to ankylosing spondylitis ( AS ) .,20,O O O O O O O O O O O O O O B-Disease I-Disease O B-Disease O O,2,ankylosing spondylitis | AS
NCBI_TEST_0054,METHODS Twins with AS were identified from the Royal National Hospital for Rheumatic Diseases database .,16,O O O B-Disease O O O O O O O O B-Disease I-Disease O O,2,AS | Rheumatic Diseases
NCBI_TEST_0055,"Clinical and radiographic examinations were performed to establish diagnoses , and disease severity was assessed using a combination of validated scoring systems .",23,O O O O O O O O O O O O O O O O O O O O O O O,0,
NCBI_TEST_0056,"HLA typing for HLA - B27 , HLA - B60 , and HLA - DR1 was performed by polymerase chain reaction with sequence - specific primers , and zygosity was assessed using microsatellite markers .",35,O O O O O O O O O O O O O O O O O O O O O O O O O O O O O O O O O O O,0,
NCBI_TEST_0057,"Genetic and environmental variance components were assessed with the program Mx , using data from this and previous studies of twins with AS .",24,O O O O O O O O O O O O O O O O O O O O O O B-Disease O,1,AS
NCBI_TEST_0058,"RESULTS Six of 8 monozygotic ( MZ ) twin pairs were disease concordant , compared with 4 of 15 B27 - positive dizygotic ( DZ ) twin pairs ( 27 % ) and 4 of 32 DZ twin pairs overall ( 12 . 5 % ) .",47,O O O O O O O O O O O O O O O O O O O O O O O O O O O O O O O O O O O O O O O O O O O O O O O,0,
NCBI_TEST_0059,Nonsignificant increases in similarity with regard to age at disease onset and all of the disease severity scores assessed were noted in disease - concordant MZ twins compared with concordant DZ twins .,33,O O O O O O O O O O O O O O O O O O O O O O O O O O O O O O O O O,0,
NCBI_TEST_0060,"HLA - B27 and B60 were associated with the disease in probands , and the rate of disease concordance was significantly increased among DZ twin pairs in which the co - twin was positive for both B27 and DR1 .",40,O O O O O O O O O O O O O O O O O O O O O O O O O O O O O O O O O O O O O O O O,0,
NCBI_TEST_0061,Additive genetic effects were estimated to contribute 97 % of the population variance .,14,O O O O O O O O O O O O O O,0,
NCBI_TEST_0062,"CONCLUSION Susceptibility to AS is largely genetically determined , and the environmental trigger for the disease is probably ubiquitous .",20,O O O B-Disease O O O O O O O O O O O O O O O O,1,AS
NCBI_TEST_0063,HLA - B27 accounts for a minority of the overall genetic susceptibility to AS .,15,O O O O O O O O O O O O O B-Disease O,1,AS
NCBI_TEST_0064,Cell cycle - dependent colocalization of BARD1 and BRCA1 proteins in discrete nuclear domains .,15,O O O O O O O O O O O O O O O,0,
NCBI_TEST_0065,Germ - line mutations of the BRCA1 gene predispose women to early - onset breast and ovarian cancer by compromising the genes presumptive function as a tumor suppressor .,29,O O O O O O O O O O O O O O B-Disease I-Disease I-Disease I-Disease O O O O O O O O B-Disease O O,2,breast and ovarian cancer | tumor
NCBI_TEST_0066,"Although the biochemical properties of BRCA1 polypeptides are not understood , their expression pattern and subcellular localization suggest a role in cell - cycle regulation .",26,O O O O O O O O O O O O O O O O O O O O O O O O O O,0,
NCBI_TEST_0067,"When resting cells are induced to proliferate , the steady - state levels of BRCA1 increase in late G1 and reach a maximum during S phase .",27,O O O O O O O O O O O O O O O O O O O O O O O O O O O,0,
NCBI_TEST_0068,"Moreover , in S phase cells , BRCA1 polypeptides are hyperphosphorylated and accumulate into discrete subnuclear foci termed "" BRCA1 nuclear dots .",23,O O O O O O O O O O O O O O O O O O O O O O O,0,
NCBI_TEST_0069,""" BRCA1 associates in vivo with a structurally related protein termed BARD1 .",13,O O O O O O O O O O O O O,0,
NCBI_TEST_0070,"Here we show that the steady - state levels of BARD1 , unlike those of BRCA1 , remain relatively constant during cell cycle progression .",25,O O O O O O O O O O O O O O O O O O O O O O O O O,0,
NCBI_TEST_0071,"However , immunostaining revealed that BARD1 resides within BRCA1 nuclear dots during S phase of the cell cycle , but not during the G1 phase .",26,O O O O O O O O O O O O O O O O O O O O O O O O O O,0,
NCBI_TEST_0072,"Nevertheless , BARD1 polypeptides are found exclusively in the nuclear fractions of both G1 - and S - phase cells .",21,O O O O O O O O O O O O O O O O O O O O O,0,
NCBI_TEST_0073,"Therefore , progression to S phase is accompanied by the aggregation of nuclear BARD1 polypeptides into BRCA1 nuclear dots .",20,O O O O O O O O O O O O O O O O O O O O,0,
NCBI_TEST_0074,This cell cycle - dependent colocalization of BARD1 and BRCA1 indicates a role for BARD1 in BRCA1 - mediated tumor suppression .,22,O O O O O O O O O O O O O O O O O O O B-Disease O O,1,tumor
NCBI_TEST_0075,Ethnic differences in the HFE codon 282 ( Cys / Tyr ) polymorphism .,14,O O O O O O O O O O O O O O,0,
NCBI_TEST_0076,Recent studies have shown that hereditary hemochromatosis ( HH ) is likely to be caused by homozygosity for a Cys282Tyr mutation in the HFE gene located 4 .,28,O O O O O B-Disease I-Disease O B-Disease O O O O O O O O O O O O O O O O O O O,2,hereditary hemochromatosis | HH
NCBI_TEST_0077,5 Mb telomeric to HLA - A .,8,O O O O O O O O,0,
NCBI_TEST_0078,Population studies of this polymorphism are facilitated by the fact that the Cys282Tyr mutation creates a Rsal restriction site .,20,O O O O O O O O O O O O O O O O O O O O,0,
NCBI_TEST_0079,We have studied the codon 282 ( Cys / Tyr ) polymorphism in different ethnic groups .,17,O O O O O O O O O O O O O O O O O,0,
NCBI_TEST_0080,"In agreement with previous observations the Tyr allele appeared to be rare or absent in Asiatic ( Indian , Chinese ) populations .",23,O O O O O O O O O O O O O O O O O O O O O O O,0,
NCBI_TEST_0081,The highest allele frequency ( 7 . 5 % ) was found in Swedes .,15,O O O O O O O O O O O O O O O,0,
NCBI_TEST_0082,Saamis ( 2 % ) and Mordvinians ( 1 . 8 % ) had significantly lower frequencies of the Tyr allele .,22,O O O O O O O O O O O O O O O O O O O O O O,0,
NCBI_TEST_0083,"Comparisons with allele frequencies based on prevalence estimates of HH showed some disagreements with the RFLP data , particularly in Finns .",22,O O O O O O O O O B-Disease O O O O O O O O O O O O,1,HH
NCBI_TEST_0084,The newly described HFE marker provides a new approach to the screening of HH as well as studies of the relationship between the HFE Tyr allele and different disorders including cancer,31,O O O O O O O O O O O O O B-Disease O O O O O O O O O O O O O O O O B-Disease,2,HH | cancer
NCBI_TEST_0085,Autosomal dominant neurohypophyseal diabetes insipidus associated with a missense mutation encoding Gly23 - - > Val in neurophysin II .,20,B-Disease I-Disease I-Disease I-Disease I-Disease O O O O O O O O O O O O O O O,1,Autosomal dominant neurohypophyseal diabetes insipidus
NCBI_TEST_0086,Autosomal dominant neurohypophyseal diabetes insipidus ( ADNDI ) is an inherited disease caused by progressive degeneration of the magnocellular neurons of the hypothalamus leading to decreased ability to produce the hormone arginine vasopressin ( AVP ) .,37,B-Disease I-Disease I-Disease I-Disease I-Disease O B-Disease O O O B-Disease I-Disease O O O O O O O O O O O O O O O O O O O O O O O O O,3,Autosomal dominant neurohypophyseal diabetes insipidus | ADNDI | inherited disease
NCBI_TEST_0087,"Affected individuals are not symptomatic at birth , but usually develop diabetes insipidus at 1 - 6 yr of age .",21,O O O O O O O O O O O B-Disease I-Disease O O O O O O O O,1,diabetes insipidus
NCBI_TEST_0088,"The genetic locus of the disease is the AVP - neurophysin II ( NPII ) gene , and mutations that cause ADNDI have been found in both the signal peptide of the prepro - AVP - NPII precursor and within NPII itself .",43,O O O O O O O O O O O O O O O O O O O O O B-Disease O O O O O O O O O O O O O O O O O O O O O,1,ADNDI
NCBI_TEST_0089,An affected girl who presented at 9 months of age and her similarly affected younger brother and father were all found to have a novel missense mutation ( G1758 - - > T ) encoding the amino acid substitution Gly23 - - > Val within NPII .,47,O O O O O O O O O O O O O O O O O O O O O O O O O O O O O O O O O O O O O O O O O O O O O O O,0,
NCBI_TEST_0090,The mutation was confirmed by restriction endonuclease analysis .,9,O O O O O O O O O,0,
NCBI_TEST_0091,A T1 - weighted magnetic resonance imaging of the fathers pituitary gland demonstrates an attenuated posterior pituitary bright spot .,20,O O O O O O O O O O O O O O O O O O O O,0,
NCBI_TEST_0092,"This mutation may be valuable for developing models of dominantly inherited neurodegeneration , as the early age of onset of symptoms suggests that this mutation may be particularly deleterious to the magnocellular neuron . .",35,O O O O O O O O O B-Disease I-Disease I-Disease O O O O O O O O O O O O O O O O O O O O O O O,1,dominantly inherited neurodegeneration
NCBI_TEST_0093,Frequent inactivation of PTEN / MMAC1 in primary prostate cancer .,11,O O O O O O O O B-Disease I-Disease O,1,prostate cancer
NCBI_TEST_0094,"Sporadic prostate carcinoma is the most common male cancer in the Western world , yet many of the major genetic events involved in the progression of this often fatal cancer remain to be elucidated .",35,B-Disease I-Disease I-Disease O O O O B-Disease I-Disease O O O O O O O O O O O O O O O O O O O O B-Disease O O O O O,3,Sporadic prostate carcinoma | male cancer | cancer
NCBI_TEST_0095,Numerous cytogenetic and allelotype studies have reported frequent loss of heterozygosity on chromosomal arm 10q in sporadic prostate cancer .,20,O O O O O O O O O O O O O O O O B-Disease I-Disease I-Disease O,1,sporadic prostate cancer
NCBI_TEST_0096,Deletion mapping studies have unambiguously identified a region of chromosome 10q23 to be the minimal area of loss .,19,O O O O O O O O O O O O O O O O O O O,0,
NCBI_TEST_0097,"A new tumor suppressor gene , PTEN / MMAC1 , was isolated recently at this region of chromosome 10q23 and found to be inactivated by mutation in three prostate cancer cell lines .",33,O O B-Disease O O O O O O O O O O O O O O O O O O O O O O O O O B-Disease I-Disease O O O,2,tumor | prostate cancer
NCBI_TEST_0098,We screened 80 prostate tumors by microsatellite analysis and found chromosome 10q23 to be deleted in 23 cases .,19,O O O B-Disease I-Disease O O O O O O O O O O O O O O,1,prostate tumors
NCBI_TEST_0099,We then proceeded with sequence analysis of the entire PTEN / MMAC1 coding region and tested for homozygous deletion with new intragenic markers in these 23 cases with 10q23 loss of heterozygosity .,33,O O O O O O O O O O O O O O O O O O O O O O O O O O O O O O O O O,0,
NCBI_TEST_0100,The identification of the second mutational event in 10 ( 43 % ) tumors establishes PTEN / MMAC1 as a main inactivation target of 10q loss in sporadic prostate cancer . .,32,O O O O O O O O O O O O O B-Disease O O O O O O O O O O O O O B-Disease I-Disease I-Disease O O,2,tumors | sporadic prostate cancer
NCBI_TEST_0101,Risk reversals in predictive testing for Huntington disease .,9,O O O O O O B-Disease I-Disease O,1,Huntington disease
NCBI_TEST_0102,The first predictive testing for Huntington disease ( HD ) was based on analysis of linked polymorphic DNA markers to estimate the likelihood of inheriting the mutation for HD .,30,O O O O O B-Disease I-Disease O B-Disease O O O O O O O O O O O O O O O O O O O B-Disease O,3,Huntington disease | HD | HD
NCBI_TEST_0103,"Limits to accuracy included recombination between the DNA markers and the mutation , pedigree structure , and whether DNA samples were available from family members .",26,O O O O O O O O O O O O O O O O O O O O O O O O O O,0,
NCBI_TEST_0104,"With direct tests for the HD mutation , we have assessed the accuracy of results obtained by linkage approaches when requested to do so by the test individuals .",29,O O O O O B-Disease O O O O O O O O O O O O O O O O O O O O O O O,1,HD
NCBI_TEST_0105,"For six such individuals , there was significant disparity between the tests .",13,O O O O O O O O O O O O O,0,
NCBI_TEST_0106,"Three went from a decreased risk to an increased risk , while in another three the risk was decreased .",20,O O O O O O O O O O O O O O O O O O O O,0,
NCBI_TEST_0107,"Knowledge of the potential reasons for these changes in results and impact of these risk reversals on both patients and the counseling team can assist in the development of strategies for the prevention and , where necessary , management of a risk reversal in any predictive testing program . .",50,O O O O O O O O O O O O O O O O O O O O O O O O O O O O O O O O O O O O O O O O O O O O O O O O O O,0,
NCBI_TEST_0108,A novel common missense mutation G301C in the N - acetylgalactosamine - 6 - sulfate sulfatase gene in mucopolysaccharidosis IVA .,21,O O O O O O O O O O O O O O O O O O B-Disease I-Disease O,1,mucopolysaccharidosis IVA
NCBI_TEST_0109,Mucopolysaccharidosis IVA ( MPS IVA ) is an autosomal recessive lysosomal storage disorder caused by a genetic defect in N - acetylgalactosamine - 6 - sulfate sulfatase ( GALNS ) .,31,B-Disease I-Disease O B-Disease I-Disease O O O B-Disease I-Disease I-Disease I-Disease I-Disease O O O B-Disease I-Disease O O O O O O O O O O O O O,4,Mucopolysaccharidosis IVA | MPS IVA | autosomal recessive lysosomal storage disorder | genetic defect
NCBI_TEST_0110,"In previous studies , we have found two common mutations in Caucasians and Japanese , respectively .",17,O O O O O O O O O O O O O O O O O,0,
NCBI_TEST_0111,"To characterize the mutational spectrum in various ethnic groups , mutations in the GALNS gene in Colombian MPS IVA patients were investigated , and genetic backgrounds were extensively analyzed to identify racial origin , based on mitochondrial DNA ( mtDNA ) lineages .",43,O O O O O O O O O O O O O O O O O B-Disease I-Disease O O O O O O O O O O O O O O O O O O O O O O O O,1,MPS IVA
NCBI_TEST_0112,Three novel missense mutations never identified previously in other populations and found in 16 out of 19 Colombian MPS IVA unrelated alleles account for 84 .,26,O O O O O O O O O O O O O O O O O O B-Disease I-Disease O O O O O O,1,MPS IVA
NCBI_TEST_0113,2 % of the alleles in this study .,9,O O O O O O O O O,0,
NCBI_TEST_0114,The G301C and S162F mutations account for 68 .,9,O O O O O O O O O,0,
NCBI_TEST_0115,4 % and 10 .,5,O O O O O,0,
NCBI_TEST_0116,"5 % of mutations , respectively , whereas the remaining F69V is limited to a single allele .",18,O O O O O O O O O O O O O O O O O O,0,
NCBI_TEST_0117,The skewed prevalence of G301C in only Colombian patients and haplotype analysis by restriction fragment length polymorphisms in the GALNS gene suggest that G301C originated from a common ancestor .,30,O O O O O O O O O O O O O O O O O O O O O O O O O O O O O O,0,
NCBI_TEST_0118,Investigation of the genetic background by means of mtDNA lineages indicate that all our patients are probably of native American descent,21,O O O O O O O O O O O O O O O O O O O O O,0,
NCBI_TEST_0119,Low frequency of BRCA1 germline mutations in 45 German breast / ovarian cancer families .,15,O O O O O O O O O B-Disease I-Disease I-Disease I-Disease O O,1,breast / ovarian cancer
NCBI_TEST_0120,In this study we investigated 45 German breast / ovarian cancer families for germline mutations in the BRCA1 gene .,20,O O O O O O O B-Disease I-Disease I-Disease I-Disease O O O O O O O O O,1,breast / ovarian cancer
NCBI_TEST_0121,"We identified four germline mutations in three breast cancer families and in one breast - ovarian cancer family . among these were one frameshift mutation , one nonsense mutation , one novel splice site mutation , and one missense mutation .",41,O O O O O O O B-Disease I-Disease O O O O B-Disease I-Disease I-Disease I-Disease O O O O O O O O O O O O O O O O O O O O O O O O,2,breast cancer | breast - ovarian cancer
NCBI_TEST_0122,The missense mutation was also found in 2 .,9,O O O O O O O O O,0,
NCBI_TEST_0123,"8 % of the general population , suggesting that it is not disease associated .",15,O O O O O O O O O O O O O O O,0,
NCBI_TEST_0124,The average age of disease onset in those families harbouring causative mutations was between 32 .,16,O O O O O O O O O O O O O O O O,0,
NCBI_TEST_0125,3 and 37 .,4,O O O O,0,
NCBI_TEST_0126,"4 years , whereas the family harbouring the missense mutation had an average age of onset of 51 .",19,O O O O O O O O O O O O O O O O O O O,0,
NCBI_TEST_0127,2 years .,3,O O O,0,
NCBI_TEST_0128,These findings show that BRCA1 is implicated in a small fraction of breast / ovarian cancer families suggesting the involvement of another susceptibility gene ( s ),27,O O O O O O O O O O O O B-Disease I-Disease I-Disease I-Disease O O O O O O O O O O O,1,breast / ovarian cancer
NCBI_TEST_0129,Paternal transmission of congenital myotonic dystrophy .,7,O O O B-Disease I-Disease I-Disease O,1,congenital myotonic dystrophy
NCBI_TEST_0130,We report a rare case of paternally transmitted congenital myotonic dystrophy ( DM ) .,15,O O O O O O O O B-Disease I-Disease I-Disease O B-Disease O O,2,congenital myotonic dystrophy | DM
NCBI_TEST_0131,"The proband is a 23 year old , mentally retarded male who suffers severe muscular weakness .",17,O O O O O O O O B-Disease I-Disease O O O O B-Disease I-Disease O,2,mentally retarded | muscular weakness
NCBI_TEST_0132,He presented with respiratory and feeding difficulties at birth .,10,O O O O O O O O O O,0,
NCBI_TEST_0133,His two sibs suffer from childhood onset DM .,9,O O O O O O O B-Disease O,1,DM
NCBI_TEST_0134,"Their late father had the adult type of DM , with onset around 30 years .",16,O O O O O O O O B-Disease O O O O O O O,1,DM
NCBI_TEST_0135,Only six other cases of paternal transmission of congenital DM have been reported recently .,15,O O O O O O O O B-Disease I-Disease O O O O O,1,congenital DM
NCBI_TEST_0136,We review the sex related effects on transmission of congenital DM .,12,O O O O O O O O O B-Disease I-Disease O,1,congenital DM
NCBI_TEST_0137,Decreased fertility of males with adult onset DM and contraction of the repeat upon male transmission contribute to the almost absent occurrence of paternal transmission of congenital DM .,29,O O O O O O O B-Disease O O O O O O O O O O O O O O O O O O B-Disease I-Disease O,2,DM | congenital DM
NCBI_TEST_0138,"Also the fathers of the reported congenitally affected children showed , on average , shorter CTG repeat lengths and hence less severe clinical symptoms than the mothers of children with congenital DM .",33,O O O O O O O O O O O O O O O O O O O O O O O O O O O O O O B-Disease I-Disease O,1,congenital DM
NCBI_TEST_0139,We conclude that paternal transmission of congenital DM is rare and preferentially occurs with onset of DM past 30 years in the father . .,25,O O O O O O B-Disease I-Disease O O O O O O O O B-Disease O O O O O O O O,2,congenital DM | DM
NCBI_TEST_0140,The RB1 gene mutation in a child with ectopic intracranial retinoblastoma .,12,O O O O O O O O B-Disease I-Disease I-Disease O,1,ectopic intracranial retinoblastoma
NCBI_TEST_0141,The RB1 gene mutation was investigated in a child with ectopic intracranial retinoblastoma using DNA obtained from both the pineal and retinal tumours of the patient .,27,O O O O O O O O O O B-Disease I-Disease I-Disease O O O O O O B-Disease I-Disease I-Disease I-Disease O O O O,2,ectopic intracranial retinoblastoma | pineal and retinal tumours
NCBI_TEST_0142,A nonsense mutation in exon 17 ( codon 556 ) of the RB1 gene was found to be present homozygously in both the retinal and the pineal tumours .,29,O O O O O O O O O O O O O O O O O O O O O O O B-Disease I-Disease I-Disease I-Disease I-Disease O,1,retinal and the pineal tumours
NCBI_TEST_0143,"The same mutation was present heterozygously in the DNA from the constitutional cells of the patient , proving it to be of germline origin .",25,O O O O O O O O O O O O O O O O O O O O O O O O O,0,
NCBI_TEST_0144,The initial mutation was shown to have occurred in the paternally derived RB1 allele .,15,O O O O O O O O O O O O O O O,0,
NCBI_TEST_0145,The mutation is in an area of the gene that encodes the protein - binding region known as the pocket region and has been detected in other cases of retinoblastoma . .,32,O O O O O O O O O O O O O O O O O O O O O O O O O O O O O B-Disease O O,1,retinoblastoma
NCBI_TEST_0146,Low levels of beta hexosaminidase A in healthy individuals with apparent deficiency of this enzyme .,16,O O O O O O O O O O O O O O O O,0,
NCBI_TEST_0147,Appreciable beta hexosaminidase A ( hex A ) activity has been detected in cultured skin fibroblasts and melanoma tissue from healthy individuals previously reported as having deficiency of hex A activity indistinguishable from that of patients with Tay - Sachs disease ( TSD ) .,45,O O O O O O O O O O O O O O O O O B-Disease O O O O O O O O B-Disease I-Disease I-Disease I-Disease O O O O O O O B-Disease I-Disease I-Disease I-Disease O B-Disease O O,4,melanoma | deficiency of hex A | Tay - Sachs disease | TSD
NCBI_TEST_0148,"Identification and quantitation of hex A , amounting to 3 .",11,O O O O O O O O O O O,0,
NCBI_TEST_0149,5 % - 6 .,5,O O O O O,0,
NCBI_TEST_0150,"9 % of total beta hexosaminidase activity , has been obtained by cellulose acetate gel electrophoresis , DEAE - cellulose ion - exchange chromatography , radial immunodiffusion , and radioimmunoassay .",31,O O O O O O O O O O O O O O O O O O O O O O O O O O O O O O O,0,
NCBI_TEST_0151,Previous family studies suggested that these individuals may be compound heterozygotes for the common mutant TSD gene and a rare ( allelic ) mutant gene .,26,O O O O O O O O O O O O O O O B-Disease O O O O O O O O O O,1,TSD
NCBI_TEST_0152,"Thus , the postulated rate mutant gene appears to code for the expression of low amounts of hex A .",20,O O O O O O O O O O O O O O O O O O O O,0,
NCBI_TEST_0153,Heterozygotes for the rare mutant may be indistinguishable from heterozygotes for the common TSD mutant .,16,O O O O O O O O O O O O O B-Disease O O,1,TSD
NCBI_TEST_0154,"However , direct visualization and quantitation of hex A by the methods described may prevent false - positive prenatal diagnosis of TSD in fetuses having the incomplete hex A deficiency of the type described in the four healthy individuals",39,O O O O O O O O O O O O O O O O O O O O O B-Disease O O O O O B-Disease I-Disease I-Disease O O O O O O O O O,2,TSD | hex A deficiency
NCBI_TEST_0155,The tumor suppressor gene Smad4 / Dpc4 is required for gastrulation and later for anterior development of the mouse embryo .,21,O B-Disease O O O O O O O O O O O O O O O O O O O,1,tumor
NCBI_TEST_0156,"Mutations in the SMAD4 / DPC4 tumor suppressor gene , a key signal transducer in most TGFbeta - related pathways , are involved in 50 % of pancreatic cancers .",30,O O O O O O B-Disease O O O O O O O O O O O O O O O O O O O O B-Disease I-Disease O,2,tumor | pancreatic cancers
NCBI_TEST_0157,Homozygous Smad4 mutant mice die before day 7 .,9,O O O O O O O O O,0,
NCBI_TEST_0158,5 of embryogenesis .,4,O O O O,0,
NCBI_TEST_0159,"Mutant embryos have reduced size , fail to gastrulate or express a mesodermal marker , and show abnormal visceral endoderm development .",22,O O O O O O O O O O O O O O O O O O O O O O,0,
NCBI_TEST_0160,Growth retardation of the Smad4 - deficient embryos results from reduced cell proliferation rather than increased apoptosis .,18,B-Disease I-Disease O O O O O O O O O O O O O O O O,1,Growth retardation
NCBI_TEST_0161,Aggregation of mutant Smad4 ES cells with wild - type tetraploid morulae rescues the gastrulation defect .,17,O O O O O O O O O O O O O O B-Disease I-Disease O,1,gastrulation defect
NCBI_TEST_0162,These results indicate that Smad4 is initially required for the differentiation of the visceral endoderm and that the gastrulation defect in the epiblast is secondary and non - cell autonomous .,31,O O O O O O O O O O O O O O O O O O B-Disease I-Disease O O O O O O O O O O O,1,gastrulation defect
NCBI_TEST_0163,"Rescued embryos show severe anterior truncations , indicating a second important role for Smad4 in anterior patterning during embryogenesis .",20,O O O O O O O O O O O O O O O O O O O O,0,
NCBI_TEST_0164,Prevalence of p16 and CDK4 germline mutations in 48 melanoma - prone families in France .,16,O O O O O O O O O B-Disease O O O O O O,1,melanoma
NCBI_TEST_0165,The French Familial Melanoma Study Group .,7,O O B-Disease I-Disease O O O,1,Familial Melanoma
NCBI_TEST_0166,"Germline mutations in the p16 and CDK4 genes have been reported in a subset of melanoma pedigrees , but their prevalence is not well known .",26,O O O O O O O O O O O O O O O B-Disease O O O O O O O O O O,1,melanoma
NCBI_TEST_0167,"We searched for such germline mutations in 48 French melanoma - prone families selected according to two major criteria families with at least three affected members ( n = 20 ) or families with two affected members , one of them affected before the age of 50 ( n = 28 ) , and one additional minor criterion .",59,O O O O O O O O O B-Disease O O O O O O O O O O O O O O O O O O O O O O O O O O O O O O O O O O O O O O O O O O O O O O O O O,1,melanoma
NCBI_TEST_0168,"Sixteen different p16 germline mutations were found in 21 families , while one germline mutation , Arg24His , was detected in the CDK4 gene .",25,O O O O O O O O O O O O O O O O O O O O O O O O O,0,
NCBI_TEST_0169,The frequency of p16 gene mutation in our sample ( 44 % ) is among the highest rates yet reported and the CDK4 mutation is the second mutation detected in this gene worldwide .,34,O O O O O O O O O O O O O O O O O O O O O O O O O O O O O O O O O O,0,
NCBI_TEST_0170,"In summary , our results show frequent involvement of the p16 gene in familial melanoma and confirm the role of the CDK4 gene as a melanoma - predisposing gene . .",31,O O O O O O O O O O O O O B-Disease I-Disease O O O O O O O O O O B-Disease O O O O O,2,familial melanoma | melanoma
NCBI_TEST_0171,Progression of somatic CTG repeat length heterogeneity in the blood cells of myotonic dystrophy patients .,16,O O O O O O O O O O O O B-Disease I-Disease O O,1,myotonic dystrophy
NCBI_TEST_0172,The genetic basis of myotonic dystrophy ( DM ) is the expansion of an unstable CTG repeat in the 34 UTR of the DM protein kinase gene on chromosome 19 .,31,O O O O B-Disease I-Disease O B-Disease O O O O O O O O O O O O O O O B-Disease O O O O O O O,3,myotonic dystrophy | DM | DM
NCBI_TEST_0173,"One of the principal features of the DM mutation is an extraordinarily high level of somatic mosaicism , due to an extremely high degree of somatic instability both within and between different tissues .",34,O O O O O O O B-Disease O O O O O O O O O O O O O O O O O O O O O O O O O O,1,DM
NCBI_TEST_0174,"This instability appears to be biased towards further expansion and continuous throughout the life of an individual , features that could be associated with the progressive nature of the disease .",31,O O O O O O O O O O O O O O O O O O O O O O O O O O O O O O O,0,
NCBI_TEST_0175,"Although increasing measured allele size between patients clearly correlates with an increased severity of symptoms and an earlier age of onset , this correlation is not precise and measured allele length cannot be used as an accurate predictor of age of onset .",43,O O O O O O O O O O O O O O O O O O O O O O O O O O O O O O O O O O O O O O O O O O O,0,
NCBI_TEST_0176,"In order to further characterize the dynamics of DM CTG repeat somatic instability , we have studied repeat length changes over time in 111 myotonic dystrophy patients with varying clinical severity and CTG repeat size over time intervals of 1 - 7 years .",44,O O O O O O O O B-Disease O O O O O O O O O O O O O O O B-Disease I-Disease O O O O O O O O O O O O O O O O O O,2,DM | myotonic dystrophy
NCBI_TEST_0177,We have found a direct progression of the size heterogeneity over time related to initial CTG repeat size and the time interval and always biased towards further expansion .,29,O O O O O O O O O O O O O O O O O O O O O O O O O O O O O,0,
NCBI_TEST_0178,Attempts to mathematically model the dynamics have proved only partially successful suggesting that individual specific genetic and / or environmental factors also play a role in somatic mosaicism . .,30,O O O O O O O O O O O O O O O O O O O O O O O O O O O O O O,0,
NCBI_TEST_0179,Aspartylglucosaminuria among Palestinian Arabs .,5,B-Disease O O O O,1,Aspartylglucosaminuria
NCBI_TEST_0180,Aspartylglucosaminuria ( AGU ) is a rare disorder of glycoprotein metabolism caused by the deficiency of the lysosomal enzyme aspartylglucosaminidase ( AGA ) .,24,B-Disease O B-Disease O O O O B-Disease I-Disease I-Disease I-Disease O O O B-Disease I-Disease I-Disease I-Disease I-Disease I-Disease O O O O,4,Aspartylglucosaminuria | AGU | disorder of glycoprotein metabolism | deficiency of the lysosomal enzyme aspartylglucosaminidase
NCBI_TEST_0181,AGU is inherited as an autosomal recessive trait and occurs with a high frequency in Finland because of a founder effect .,22,B-Disease O O O O O O O O O O O O O O O O O O O O O,1,AGU
NCBI_TEST_0182,"While very few patients with AGU have been reported from non - Finnish origin , we diagnosed the disorder in 8 patients originating from 3 unrelated families , all Palestinian Arabs from the region of Jerusalem .",37,O O O O O B-Disease O O O O O O O O O O O O O O O O O O O O O O O O O O O O O O O,1,AGU
NCBI_TEST_0183,"The clinical diagnosis of AGU is often difficult , in particular early in the course of the disease , and most of the patients are diagnosed after the age of 5 years .",33,O O O O B-Disease O O O O O O O O O O O O O O O O O O O O O O O O O O O O,1,AGU
NCBI_TEST_0184,"However , since these patients excrete early large amounts of aspartylglucosamine in urine , biochemical screening is easy by urine chromatography . .",23,O O O O O O O O O O O O O O O O O O O O O O O,0,
NCBI_TEST_0185,Detection of heterozygous carriers of the ataxia - telangiectasia ( ATM ) gene by G2 phase chromosomal radiosensitivity of peripheral blood lymphocytes .,23,O O O O O O B-Disease I-Disease I-Disease O O O O O O O O O O O O O O,1,ataxia - telangiectasia
NCBI_TEST_0186,"In ataxia - telangiectasia ( A - T ) patients , mutations in a single gene , ATM , result in an autosomal recessive syndrome that embraces a variety of clinical features and manifests extreme radiosensitivity and a strong pre - disposition to malignancy .",45,O B-Disease I-Disease I-Disease O B-Disease I-Disease I-Disease O O O O O O O O O O O O O O B-Disease I-Disease I-Disease O O O O O O O O O O O O O O O O O O B-Disease O,4,ataxia - telangiectasia | A - T | autosomal recessive syndrome | malignancy
NCBI_TEST_0187,Heterozygotes for the ATM gene have no clinical expression of A - T but may be cancer prone with a moderate increase in in vitro radiosensitivity .,27,O O O O O O O O O O B-Disease I-Disease I-Disease O O O B-Disease O O O O O O O O O O,2,A - T | cancer
NCBI_TEST_0188,"We performed a blind chromosomal analysis on G2 - phase lymphocytes from 7 unrelated A - T patients , 13 obligate A - T heterozygotes ( parents of the patients ) , and 14 normal controls following X - irradiation with 1 Gy in order to evaluate this cytogenetic method as a tool for detection of ATM carriers .",59,O O O O O O O O O O O O O O B-Disease I-Disease I-Disease O O O O B-Disease I-Disease I-Disease O O O O O O O O O O O O O O O O O O O O O O O O O O O O O O O O O O O,2,A - T | A - T
NCBI_TEST_0189,Both A - T homozygotes and heterozygotes showed significantly increased levels of radiation - induced chromatid damage relative to that of normal controls .,24,O B-Disease I-Disease I-Disease O O O O O O O O O O O O O O O O O O O O,1,A - T
NCBI_TEST_0190,These results show that the G2 - phase chromosomal radiosensitivity assay can be used for the detection of A - T heterozygotes .,23,O O O O O O O O O O O O O O O O O O B-Disease I-Disease I-Disease O O,1,A - T
NCBI_TEST_0191,"In combination with molecular genetic analyses , this test may be of value in studies of familial and sporadic cancers aimed at determination of the potential involvement of ATM mutations in tumor risk or development . .",37,O O O O O O O O O O O O O O O O B-Disease I-Disease I-Disease I-Disease O O O O O O O O O O O B-Disease O O O O O,2,familial and sporadic cancers | tumor
NCBI_TEST_0192,Ataxia - telangiectasia : identification and detection of founder - effect mutations in the ATM gene in ethnic populations .,20,B-Disease I-Disease I-Disease O O O O O O O O O O O O O O O O O,1,Ataxia - telangiectasia
NCBI_TEST_0193,"To facilitate the evaluation of ATM heterozygotes for susceptibility to other diseases , such as breast cancer , we have attempted to define the most common mutations and their frequencies in ataxia - telangiectasia ( A - T ) homozygotes from 10 ethnic populations .",45,O O O O O O O O O O O O O O O B-Disease I-Disease O O O O O O O O O O O O O O B-Disease I-Disease I-Disease O B-Disease I-Disease I-Disease O O O O O O O,3,breast cancer | ataxia - telangiectasia | A - T
NCBI_TEST_0194,Both genomic mutations and their effects on cDNA were characterized .,11,O O O O O O O O O O O,0,
NCBI_TEST_0195,Protein - truncation testing of the entire ATM cDNA detected 92 ( 66 % ) truncating mutations in 140 mutant alleles screened .,23,O O O O O O O O O O O O O O O O O O O O O O O,0,
NCBI_TEST_0196,The haplotyping of patients with identical mutations indicates that almost all of these represent common ancestry and that very few spontaneously recurring ATM mutations exist .,26,O O O O O O O O O O O O O O O O O O O O O O O O O O,0,
NCBI_TEST_0197,Assays requiring minimal amounts of genomic DNA were designed to allow rapid screening for common ethnic mutations .,18,O O O O O O O O O O O O O O O O O O,0,
NCBI_TEST_0198,"These rapid assays detected mutations in 76 % of Costa Rican patients ( 3 ) , 50 % of Norwegian patients ( 1 ) , 25 % of Polish patients ( 4 ) , and 14 % of Italian patients ( 1 ) , as well as in patients of Amish / Mennonite and Irish English backgrounds .",58,O O O O O O O O O O O O O O O O O O O O O O O O O O O O O O O O O O O O O O O O O O O O O O O O O O O O O O O O O O,0,
NCBI_TEST_0199,"Additional mutations were observed in Japanese , Utah Mormon , and African American patients .",15,O O O O O O O O O O O O O O O,0,
NCBI_TEST_0200,These assays should facilitate screening for A - T heterozygotes in the populations studied . .,16,O O O O O O B-Disease I-Disease I-Disease O O O O O O O,1,A - T
NCBI_TEST_0201,The von Hippel - Lindau tumor suppressor gene is required for cell cycle exit upon serum withdrawal .,18,O B-Disease I-Disease I-Disease I-Disease I-Disease O O O O O O O O O O O O,1,von Hippel - Lindau tumor
NCBI_TEST_0202,The inactivation of the von Hippel - Lindau ( VHL ) tumor suppressor gene predisposes affected individuals to the human VHL cancer syndrome and is associated with sporadic renal cell carcinomas ( RCC ) and brain hemangioblastomas .,38,O O O O B-Disease I-Disease I-Disease I-Disease I-Disease I-Disease I-Disease I-Disease O O O O O O O O B-Disease I-Disease I-Disease O O O O B-Disease I-Disease I-Disease I-Disease O B-Disease O O B-Disease I-Disease O,5,von Hippel - Lindau ( VHL ) tumor | VHL cancer syndrome | sporadic renal cell carcinomas | RCC | brain hemangioblastomas
NCBI_TEST_0203,VHL - negative 786 - 0 RCC cells are tumorigenic in nude mice which is suppressed by the reintroduction of VHL .,22,O O O O O O B-Disease O O O O O O O O O O O O O B-Disease O,2,RCC | VHL
NCBI_TEST_0204,"Remarkably , this occurs without affecting the growth rate and cell cycle profile of these cells in culture .",19,O O O O O O O O O O O O O O O O O O O,0,
NCBI_TEST_0205,"The 786 - 0 cell line , like many cancer cells , fails to exit the cell cycle upon serum withdrawal .",22,O O O O O O O O O B-Disease O O O O O O O O O O O O,1,cancer
NCBI_TEST_0206,"Here , it is shown that reintroduction of the wild - type VHL gene restores the ability of VHL - negative RCC cancer cells to exit the cell cycle and enter G0 / quiescence in low serum .",38,O O O O O O O O O O O O B-Disease O O O O O O O O B-Disease I-Disease O O O O O O O O O O O O O O O,2,VHL | RCC cancer
NCBI_TEST_0207,Both VHL - positive and VHL - negative RCC cells exit the cell cycle by contact inhibition .,18,O O O O O O O O B-Disease O O O O O O O O O,1,RCC
NCBI_TEST_0208,"The cyclin - dependent kinase inhibitor , p27 , accumulates upon serum withdrawal , only in the presence of VHL , as a result of the stabilization of the protein .",31,O O O O O O O O O O O O O O O O O O O B-Disease O O O O O O O O O O O,1,VHL
NCBI_TEST_0209,"We propose that the loss of wild - type VHL gene results in a specific cellular defect in serum - dependent growth control , which may initiate tumor formation .",30,O O O O O O O O O B-Disease O O O O O O O O O O O O O O O O O B-Disease O O,2,VHL | tumor
NCBI_TEST_0210,"This is corrected by the reintroduction of wild - type VHL , implicating VHL as the first tumor suppressor involved in the regulation of cell cycle exit , which is consistent with its gatekeeper function in the kidney . .",40,O O O O O O O O O O B-Disease O O B-Disease O O O B-Disease O O O O O O O O O O O O O O O O O O O O O O,3,VHL | VHL | tumor
NCBI_TEST_0211,Piebaldism with deafness : molecular evidence for an expanded syndrome .,11,B-Disease O B-Disease O O O O O O O O,2,Piebaldism | deafness
NCBI_TEST_0212,"In a South African girl of Xhosa stock with severe piebaldism and profound congenital sensorineural deafness we identified a novel missense substitution at a highly conserved residue in the intracellular kinase domain of the KIT proto - oncogene , R796G .",41,O O O O O O O O O O B-Disease O O O B-Disease I-Disease O O O O O O O O O O O O O O O O O O O O O O O O O,2,piebaldism | sensorineural deafness
NCBI_TEST_0213,"Though auditory anomalies have been observed in mice with dominant white spotting ( W ) due to KIT mutations , deafness is not typical in human piebaldism .",28,O B-Disease I-Disease O O O O O O O O O O O O O O O O O B-Disease O O O O O B-Disease O,3,auditory anomalies | deafness | piebaldism
NCBI_TEST_0214,"Thus , the occurrence of sensorineural deafness in this patient extends considerably the phenotypic range of piebaldism due to KIT gene mutation in humans and tightens the clinical similarity between piebaldism and the various forms of Waardenburg syndrome . .",40,O O O O O B-Disease I-Disease O O O O O O O O O B-Disease O O O O O O O O O O O O O B-Disease O O O O O B-Disease I-Disease O O,4,sensorineural deafness | piebaldism | piebaldism | Waardenburg syndrome
NCBI_TEST_0215,Cycloheximide facilitates the identification of aberrant transcripts resulting from a novel splice - site mutation in COL17A1 in a patient with generalized atrophic benign epidermolysis bullosa .,27,O O O O O O O O O O O O O O O O O O O O O O B-Disease I-Disease I-Disease I-Disease O,1,atrophic benign epidermolysis bullosa
NCBI_TEST_0216,"Patients with generalized atrophic benign epidermolysis bullosa often show decreased expression of type XVII collagen , a transmembrane hemidesmosomal protein encoded by COL17A1 .",24,O O O B-Disease I-Disease I-Disease I-Disease O O O O O O O O O O O O O O O O O,1,atrophic benign epidermolysis bullosa
NCBI_TEST_0217,"This report documents a novel splice - site mutation in COL17A1 in a patient with generalized atrophic benign epidermolysis bullosa , and applies a new methodology to define and characterize the resulting mRNA splice variants .",36,O O O O O O O O O O O O O O O O B-Disease I-Disease I-Disease I-Disease O O O O O O O O O O O O O O O O,1,atrophic benign epidermolysis bullosa
NCBI_TEST_0218,Mutational analysis of COL17A1 identified a maternally inherited G - to - T transversion at the - 1 position of exon 32 .,23,O O O O O O O O O O O O O O O O O O O O O O O,0,
NCBI_TEST_0219,This acceptor splice - site mutation led to the formation of aberrant transcripts present at extremely low levels .,19,O O O O O O O O O O O O O O O O O O O,0,
NCBI_TEST_0220,"Based on our recent finding that cycloheximide stabilized mutant COL17A1 transcripts in keratinocytes homozygous for a frameshift mutation , the effects of the splice - site mutation on splicing of COL17A1 transcripts were determined using reverse transcriptase polymerase chain reaction of total RNA from keratinocytes incubated for 2 .",49,O O O O O O O O O O O O O O O O O O O O O O O O O O O O O O O O O O O O O O O O O O O O O O O O O,0,
NCBI_TEST_0221,5 h in the presence or absence of 10 microg cycloheximide per ml .,14,O O O O O O O O O O O O O O,0,
NCBI_TEST_0222,"Using this approach , an abnormally spliced transcript was identified that contains an extra 264 bases upstream from exon 32 , resulting in a premature termination codon 27 bp downstream from the cryptic splice site .",36,O O O O O O O O O O O O O O O O O O O O O O O O O O O O O O O O O O O O,0,
NCBI_TEST_0223,"Three other splice variants , including one derived from the skipping of exon 32 , were also identified .",19,O O O O O O O O O O O O O O O O O O O,0,
NCBI_TEST_0224,"These results indicate the usefulness of cycloheximide treatment in evaluating the abnormal processing of mRNA due to splice - site mutations , because ( i ) aberrant splicing often generates a premature termination codon , ( ii ) transcripts with premature termination codons can occur at low or undetectable levels due to nonsense - mediated mRNA decay , and ( iii ) the levels of these transcripts can be increased by cycloheximide .",73,O O O O O O O O O O O O O O O O O O O O O O O O O O O O O O O O O O O O O O O O O O O O O O O O O O O O O O O O O O O O O O O O O O O O O O O O O,0,
NCBI_TEST_0225,A deletion mutation in COL17A1 in five Austrian families with generalized atrophic benign epidermolysis bullosa represents propagation of an ancestral allele .,22,O O O O O O O O O O O B-Disease I-Disease I-Disease I-Disease O O O O O O O,1,atrophic benign epidermolysis bullosa
NCBI_TEST_0226,"Patients with generalized atrophic benign epidermolysis bullosa , a usually nonlethal form of junctional epidermolysis bullosa , have generalized blistering , nail dystrophy , patchy alopecia , and dental abnormalities .",31,O O O B-Disease I-Disease I-Disease I-Disease O O O O O O B-Disease I-Disease I-Disease O O O B-Disease O B-Disease I-Disease O B-Disease I-Disease O O B-Disease I-Disease O,6,atrophic benign epidermolysis bullosa | junctional epidermolysis bullosa | blistering | nail dystrophy | patchy alopecia | dental abnormalities
NCBI_TEST_0227,Skin fragility in most cases is due to mutations in the gene encoding type XVII collagen ( COL17A1 ) .,20,B-Disease I-Disease O O O O O O O O O O O O O O O O O O,1,Skin fragility
NCBI_TEST_0228,"Recently , we reported five Austrian families with generalized atrophic benign epidermolysis bullosa who share the same COL17A1 mutation .",20,O O O O O O O O O B-Disease I-Disease I-Disease I-Disease O O O O O O O,1,atrophic benign epidermolysis bullosa
NCBI_TEST_0229,"Affected individuals in three families are homozygous for 4003delTC , whereas those in two others are compound heterozygotes .",19,O O O O O O O O O O O O O O O O O O O,0,
NCBI_TEST_0230,"To determine if the occurrence of 4003delTC in these unrelated families signifies propagation of an ancestral allele or a mutational hot spot , haplotypes were determined for polymorphisms both within and flanking COL17A1 .",34,O O O O O O O O O O O O O O O O O O O O O O O O O O O O O O O O O O,0,
NCBI_TEST_0231,Five intragenic polymorphisms were chosen based on their informativeness .,10,O O O O O O O O O O,0,
NCBI_TEST_0232,"One of these , not previously reported , was 2988 A or C that introduces a new restriction site for Eco0109 I .",23,O O O O O O O O O O O O O O O O O O O O O O O,0,
NCBI_TEST_0233,All the 4003delTC alleles showed the same haplotype for these five polymorphic markers .,14,O O O O O O O O O O O O O O,0,
NCBI_TEST_0234,Fourteen microsatellite polymorphisms were selected based on their high heterozygosity and their location within 10q23 - q25 near COL17A1 .,20,O O O O O O O O O O O O O O O O O O O O,0,
NCBI_TEST_0235,"Three families shared microsatellite polymorphisms covering at most 19 cM , whereas the others shared smaller regions consistent with cross - over events during passage of this mutation through several generations .",32,O O O O O O O O O O O O O O O O O O O O O O O O O O O O O O O O,0,
NCBI_TEST_0236,These results indicate that 4003delTC occurs on a single ancestral allele . .,13,O O O O O O O O O O O O O,0,
NCBI_TEST_0237,The haptoglobin - gene deletion responsible for anhaptoglobinemia .,9,O O O O O O O B-Disease O,1,anhaptoglobinemia
NCBI_TEST_0238,We have found an allelic deletion of the haptoglobin ( Hp ) gene from an individual with anhaptoglobinemia .,19,O O O O O O O O O O O O O O O O O B-Disease O,1,anhaptoglobinemia
NCBI_TEST_0239,"The Hp gene cluster consists of coding regions of the alpha chain and beta chain of the haptoglobin gene ( Hp ) and of the alpha chain and beta chain of the haptoglobin - related gene ( Hpr ) , in tandem from the 5 side .",47,O O O O O O O O O O O O O O O O O O O O O O O O O O O O O O O O O O O O O O O O O O O O O O O,0,
NCBI_TEST_0240,Southern blot and PCR analyses have indicated that the individual with anhaptoglobinemia was homozygous for the gene deletion and that the gene deletion was included at least from the promoter region of Hp to Hpr alpha but not to Hpr beta ( Hpdel ) .,45,O O O O O O O O O O O B-Disease O O O O O O O O O O O O O O O O O O O O O O O O O O O O O O O O O,1,anhaptoglobinemia
NCBI_TEST_0241,"In addition , we found seven individuals with hypohaptoglobinemia in three families , and the genotypes of six of the seven individuals were found to be Hp2 / Hpdel .",30,O O O O O O O O B-Disease O O O O O O O O O O O O O O O O O O O O O,1,hypohaptoglobinemia
NCBI_TEST_0242,"The phenotypes and genotypes in one of these three families showed the father to be hypohaptoglobinemic ( Hp2 ) and Hp2 / Hpdel , the mother to be Hp2 - 1 and Hp1 / Hp2 , one of the two children to be hypohaptoglobinemic ( Hp2 ) and Hp2 / Hpdel , and the other child to be Hp1 and Hp1 / Hpdel , showing an anomalous inheritance of Hp phenotypes in the child with Hp1 .",77,O O O O O O O O O O O O O O O B-Disease O O O O O O O O O O O O O O O O O O O O O O O O O O O B-Disease O O O O O O O O O O O O O O O O O O O O O O O O O O O O O O O O O,2,hypohaptoglobinemic | hypohaptoglobinemic
NCBI_TEST_0243,"The Hp2 / Hpdel individuals had an extremely low level of Hp ( mean + / - SD = 0 . 049 + / - 0 . 043 mg / ml ; n = 6 ) , compared with the level ( 1 . 64 + / - 1 . 07 mg / ml ) obtained from 52 healthy volunteers having phenotype Hp2 , whereas the serum Hp level of an individual with Hp1 / Hpdel was 0 .",79,O O O O O O O O O O O O O O O O O O O O O O O O O O O O O O O O O O O O O O O O O O O O O O O O O O O O O O O O O O O O O O O O O O O O O O O O O O O O O O O,0,
NCBI_TEST_0244,"50 mg / ml , which was approximately half the level of Hp in control sera from the Hp1 phenotype ( 1 . 26 + / - 0 . 33 mg / ml ; n = 9 ) , showing a gene - dosage effect .",46,O O O O O O O O O O O O O O O O O O O O O O O O O O O O O O O O O O O O O O O O O O O O O O,0,
NCBI_TEST_0245,"The other allele ( Hp2 ) of individuals with Hp2 / Hpdel was found to have , in all exons , no mutation , by DNA sequencing .",28,O O O O O O O O O O O O O O O O O O O O O O O O O O O O,0,
NCBI_TEST_0246,"On the basis of the present study , the mechanism of anhaptoglobinemia and the mechanism of anomalous inheritance of Hp phenotypes were well explained .",25,O O O O O O O O O O O B-Disease O O O O O O O O O O O O O,1,anhaptoglobinemia
NCBI_TEST_0247,"However , the mechanism of hypohaptoglobinemia remains unknown",8,O O O O O B-Disease O O,1,hypohaptoglobinemia
NCBI_TEST_0248,"ATM mutations and phenotypes in ataxia - telangiectasia families in the British Isles : expression of mutant ATM and the risk of leukemia , lymphoma , and breast cancer .",30,O O O O O B-Disease I-Disease I-Disease O O O O O O O O O O O O O O B-Disease O B-Disease O O B-Disease I-Disease O,4,ataxia - telangiectasia | leukemia | lymphoma | breast cancer
NCBI_TEST_0249,We report the spectrum of 59 ATM mutations observed in ataxia - telangiectasia ( A - T ) patients in the British Isles .,24,O O O O O O O O O O B-Disease I-Disease I-Disease O B-Disease I-Disease I-Disease O O O O O O O,2,ataxia - telangiectasia | A - T
NCBI_TEST_0250,"Of 51 ATM mutations identified in families native to the British Isles , 11 were founder mutations , and 2 of these 11 conferred a milder clinical phenotype with respect to both cerebellar degeneration and cellular features .",38,O O O O O O O O O O O O O O O O O O O O O O O O O O O O O O O O B-Disease I-Disease O O O O,1,cerebellar degeneration
NCBI_TEST_0251,"We report , in two A - T families , an ATM mutation ( 7271T - - > G ) that may be associated with an increased risk of breast cancer in both homozygotes and heterozygotes ( relative risk 12 . 7 ; P = . 0025 ) , although there is a less severe A - T phenotype in terms of the degree of cerebellar degeneration .",68,O O O O O B-Disease I-Disease I-Disease O O O O O O O O O O O O O O O O O O O O O B-Disease I-Disease O O O O O O O O O O O O O O O O O O O O O O O O B-Disease I-Disease I-Disease O O O O O O O B-Disease I-Disease O,4,A - T | breast cancer | A - T | cerebellar degeneration
NCBI_TEST_0252,This mutation ( 7271T - - > G ) also allows expression of full - length ATM protein at a level comparable with that in unaffected individuals .,28,O O O O O O O O O O O O O O O O O O O O O O O O O O O O,0,
NCBI_TEST_0253,"In addition , we have studied 18 A - T patients , in 15 families , who developed leukemia , lymphoma , preleukemic T - cell proliferation , or Hodgkin lymphoma , mostly in childhood .",36,O O O O O O O B-Disease I-Disease I-Disease O O O O O O O O B-Disease O B-Disease O O O O O O O O B-Disease I-Disease O O O O O,4,A - T | leukemia | lymphoma | Hodgkin lymphoma
NCBI_TEST_0254,"A wide variety of ATM mutation types , including missense mutations and in - frame deletions , were seen in these patients .",23,O O O O O O O O O O O O O O O O O O O O O O O,0,
NCBI_TEST_0255,"We also show that 25 % of all A - T patients carried in - frame deletions or missense mutations , many of which were also associated with expression of mutant ATM protein .",34,O O O O O O O O B-Disease I-Disease I-Disease O O O O O O O O O O O O O O O O O O O O O O O,1,A - T
NCBI_TEST_0256,The DMPK gene of severely affected myotonic dystrophy patients is hypermethylated proximal to the largely expanded CTG repeat .,19,O O O O O O B-Disease I-Disease O O O O O O O O O O O,1,myotonic dystrophy
NCBI_TEST_0257,"Using methylation - sensitive restriction enzymes , we characterized the methylation pattern on the 5 side of the CTG repeat in the DMPK gene of normal individuals and of patients affected with myotonic dystrophy , showing expansions of the repetitive sequence .",42,O O O O O O O O O O O O O O O O O O O O O O O O O O O O O O O O B-Disease I-Disease O O O O O O O O,1,myotonic dystrophy
NCBI_TEST_0258,The gene segment analyzed corresponds to the genomic SacI - HindIII fragment carrying exons 11 - 15 .,18,O O O O O O O O O O O O O O O O O O,0,
NCBI_TEST_0259,"There is constitutive methylation in intron 12 at restriction sites of SacII and HhaI , localized 1 , 159 - 1 , 232 bp upstream of the CTG repeat , whereas most , if not all , of the other sites of SacII , HhaI , and HpaII in this region are unmethylated , in normal individuals and most of the patients .",63,O O O O O O O O O O O O O O O O O O O O O O O O O O O O O O O O O O O O O O O O O O O O O O O O O O O O O O O O O O O O O O O,0,
NCBI_TEST_0260,"In a number of young and severely affected patients , however , complete methylation of these restriction sites was found in the mutated allele .",25,O O O O O O O O O O O O O O O O O O O O O O O O O,0,
NCBI_TEST_0261,"In most of these patients , the onset of the disease was congenital .",14,O O O O O O O O O O O O O O,0,
NCBI_TEST_0262,Preliminary in vivo footprinting data gave evidence for protein - DNA contact in normal genes at an Sp1 consensus binding site upstream of the CTG repeat and for a significant reduction of this interaction in cells with a hypermethylated DMPK gene . .,43,O O O O O O O O O O O O O O O O O O O O O O O O O O O O O O O O O O O O O O O O O O O,0,
NCBI_TEST_0263,The hemochromatosis gene product complexes with the transferrin receptor and lowers its affinity for ligand binding .,17,O B-Disease O O O O O O O O O O O O O O O,1,hemochromatosis
NCBI_TEST_0264,We recently reported the positional cloning of a candidate gene for hereditary hemochromatosis called HFE .,16,O O O O O O O O O O O B-Disease I-Disease O O O,1,hereditary hemochromatosis
NCBI_TEST_0265,"The gene product , a member of the major histocompatibility complex class I - like family , was found to have a mutation , Cys - 282 - - > Tyr ( C282Y ) , in 85 % of patient chromosomes .",42,O O O O O O O O O O O O O O O O O O O O O O O O O O O O O O O O O O O O O O O O O O,0,
NCBI_TEST_0266,This mutation eliminates the ability of HFE to associate with beta2 - microglobulin ( beta2m ) and prevents cell - surface expression .,23,O O O O O O O O O O O O O O O O O O O O O O O,0,
NCBI_TEST_0267,"A second mutation that has no effect on beta2m association , H63D , was found in eight out of nine patients heterozygous for the C282Y mutant .",27,O O O O O O O O O O O O O O O O O O O O O O O O O O O,0,
NCBI_TEST_0268,"In this report , we demonstrate in cultured 293 cells overexpressing wild - type or mutant HFE proteins that both the wild - type and H63D HFE proteins form stable complexes with the transferrin receptor ( TfR ) .",39,O O O O O O O O O O O O O O O O O O O O O O O O O O O O O O O O O O O O O O O,0,
NCBI_TEST_0269,The C282Y mutation nearly completely prevents the association of the mutant HFE protein with the TfR .,17,O O O O O O O O O O O O O O O O O,0,
NCBI_TEST_0270,Studies on cell - associated transferrin at 37 degrees C suggest that the overexpressed wild - type HFE protein decreases the affinity of the TfR for transferrin .,28,O O O O O O O O O O O O O O O O O O O O O O O O O O O O,0,
NCBI_TEST_0271,"The overexpressed H63D protein does not have this effect , providing the first direct evidence for a functional consequence of the H63D mutation .",24,O O O O O O O O O O O O O O O O O O O O O O O O,0,
NCBI_TEST_0272,"Addition of soluble wild - type HFE / beta2m heterodimers to cultured cells also decreased the apparent affinity of the TfR for its ligand under steady - state conditions , both in 293 cells and in HeLa cells .",39,O O O O O O O O O O O O O O O O O O O O O O O O O O O O O O O O O O O O O O O,0,
NCBI_TEST_0273,"Furthermore , at 4 degrees C , the added soluble complex of HFE / beta2m inhibited binding of transferrin to HeLa cell TfR in a concentration - dependent manner .",30,O O O O O O O O O O O O O O O O O O O O O O O O O O O O O O,0,
NCBI_TEST_0274,Scatchard plots of these data indicate that the added heterodimer substantially reduced the affinity of TfR for transferrin .,19,O O O O O O O O O O O O O O O O O O O,0,
NCBI_TEST_0275,"These results establish a molecular link between HFE and a key protein involved in iron transport , the TfR , and raise the possibility that alterations in this regulatory mechanism may play a role in the pathogenesis of hereditary hemochromatosis . .",42,O O O O O O O O O O O O O O O O O O O O O O O O O O O O O O O O O O O O O O B-Disease I-Disease O O,1,hereditary hemochromatosis
NCBI_TEST_0276,Genomic organization of the UBE3A / E6 - AP gene and related pseudogenes .,14,O O O O O O O O O O O O O O,0,
NCBI_TEST_0277,The UBE3A gene encodes the E6 - AP ubiquitin - protein ligase and has recently been shown to be mutated in Angelman syndrome patients who lack 15q11 - q13 deletions or chromosome 15 paternal uniparental disomy .,37,O O O O O O O O O O O O O O O O O O O O O B-Disease I-Disease O O O O O O O O O O O B-Disease I-Disease O,2,Angelman syndrome | uniparental disomy
NCBI_TEST_0278,Previous UBE3A cDNA analysis has shown a coding region of approximately 2 .,13,O O O O O O O O O O O O O,0,
NCBI_TEST_0279,"6 kb and a 3 - untranslated region ( UTR ) of < 50 bp , whereas Northern analysis has indicated mRNA sizes of 5 - 8 kb .",29,O O O O O O O O O O O O O O O O O O O O O O O O O O O O O,0,
NCBI_TEST_0280,We have analyzed additional cDNA clones and provide evidence for an additional 0 .,14,O O O O O O O O O O O O O O,0,
NCBI_TEST_0281,5 kb of 5 - UTR and > 2 kb of 3 - UTR .,15,O O O O O O O O O O O O O O O,0,
NCBI_TEST_0282,We have established the genomic organization of UBE3A and the sequence of intron - exon borders .,17,O O O O O O O O O O O O O O O O O,0,
NCBI_TEST_0283,"We have also mapped two highly homologous processed pseudogenes , UBE3AP1 and UBE3AP2 , to chromosomes 2 and 21 , respectively , and determined their genomic organization .",28,O O O O O O O O O O O O O O O O O O O O O O O O O O O O,0,
NCBI_TEST_0284,These results will form the basis for studies of mutation and imprinting of UBE3A .,15,O O O O O O O O O O O O O O O,0,
NCBI_TEST_0285,"Mutation spectrum and genotype - phenotype analyses in Cowden disease and Bannayan - Zonana syndrome , two hamartoma syndromes with germline PTEN mutation .",24,O O O O O O O O B-Disease I-Disease O B-Disease I-Disease I-Disease I-Disease O O B-Disease I-Disease O O O O O,3,Cowden disease | Bannayan - Zonana syndrome | hamartoma syndromes
NCBI_TEST_0286,"The tumour suppressor gene PTEN , which maps to 10q23 .",11,O B-Disease O O O O O O O O O,1,tumour
NCBI_TEST_0287,"3 and encodes a 403 amino acid dual specificity phosphatase ( protein tyrosine phosphatase ; PTPase ) , was shown recently to play a broad role in human malignancy .",30,O O O O O O O O O O O O O O O O O O O O O O O O O O O O B-Disease O,1,malignancy
NCBI_TEST_0288,"Somatic PTEN deletions and mutations were observed in sporadic breast , brain , prostate and kidney cancer cell lines and in several primary tumours such as endometrial carcinomas , malignant melanoma and thyroid tumours .",35,O O O O O O O O B-Disease I-Disease I-Disease I-Disease I-Disease I-Disease I-Disease I-Disease I-Disease O O O O O O B-Disease O O B-Disease I-Disease O B-Disease I-Disease O B-Disease I-Disease O,5,"sporadic breast , brain , prostate and kidney cancer | tumours | endometrial carcinomas | malignant melanoma | thyroid tumours"
NCBI_TEST_0289,"In addition , PTEN was identified as the susceptibility gene for two hamartoma syndromes Cowden disease ( CD ; MIM 158350 ) and Bannayan - Zonana ( BZS ) or Ruvalcaba - Riley - Smith syndrome ( MIM 153480 ) .",41,O O O O O O O O O O O O B-Disease I-Disease B-Disease I-Disease O B-Disease O O O O O B-Disease I-Disease I-Disease I-Disease I-Disease I-Disease I-Disease I-Disease I-Disease I-Disease I-Disease I-Disease I-Disease O O O O O,4,hamartoma syndromes | Cowden disease | CD | Bannayan - Zonana ( BZS ) or Ruvalcaba - Riley - Smith syndrome
NCBI_TEST_0290,Constitutive DNA from 37 CD families and seven BZS families was screened for germline PTEN mutations .,17,O O O O B-Disease O O O B-Disease O O O O O O O O,2,CD | BZS
NCBI_TEST_0291,"PTEN mutations were identified in 30 of 37 ( 81 % ) CD families , including missense and nonsense point mutations , deletions , insertions , a deletion / insertion and splice site mutations .",35,O O O O O O O O O O O O B-Disease O O O O O O O O O O O O O O O O O O O O O O,1,CD
NCBI_TEST_0292,"These mutations were scattered over the entire length of PTEN , with the exception of the first , fourth and last exons .",23,O O O O O O O O O O O O O O O O O O O O O O O,0,
NCBI_TEST_0293,"A hot spot for PTEN mutation in CD was identified in exon 5 that contains the PTPase core motif , with 13 of 30 ( 43 % ) CD mutations identified in this exon .",35,O O O O O O O B-Disease O O O O O O O O O O O O O O O O O O O O B-Disease O O O O O O,2,CD | CD
NCBI_TEST_0294,"Seven of 30 ( 23 % ) were within the core motif , the majority ( five of seven ) of which were missense mutations , possibly pointing to the functional significance of this region .",36,O O O O O O O O O O O O O O O O O O O O O O O O O O O O O O O O O O O O,0,
NCBI_TEST_0295,Germline PTEN mutations were identified in four of seven ( 57 % ) BZS families studied .,17,O O O O O O O O O O O O O B-Disease O O O,1,BZS
NCBI_TEST_0296,"Interestingly , none of these mutations was observed in the PTPase core motif .",14,O O O O O O O O O O O O O O,0,
NCBI_TEST_0297,"It is also worthy of note that a single nonsense point mutation , R233X , was observed in the germline DNA from two unrelated CD families and one BZS family .",31,O O O O O O O O O O O O O O O O O O O O O O O O B-Disease O O O B-Disease O O,2,CD | BZS
NCBI_TEST_0298,Genotype - phenotype studies were not performed on this small group of BZS families .,15,O O O O O O O O O O O O B-Disease O O,1,BZS
NCBI_TEST_0299,"However , genotype - phenotype analysis inthe group of CD families revealed two possible associations worthy of follow - up in independent analyses .",24,O O O O O O O O O B-Disease O O O O O O O O O O O O O O,1,CD
NCBI_TEST_0300,The first was an association noted in the group of CD families with breast disease .,16,O O O O O O O O O O B-Disease O O B-Disease I-Disease O,2,CD | breast disease
NCBI_TEST_0301,A correlation was observed between the presence / absence of a PTEN mutation and the type of breast involvement ( unaffected versus benign versus malignant ) .,27,O O O O O O O O O O O O O O O O O O O O O O O O O O O,0,
NCBI_TEST_0302,"Specifically and more directly , an association was also observed between the presence of a PTEN mutation and malignant breast disease .",22,O O O O O O O O O O O O O O O O O O B-Disease I-Disease I-Disease O,1,malignant breast disease
NCBI_TEST_0303,"Secondly , there appeared to be an interdependent association between mutations upstream and within the PTPase core motif , the core motif containing the majority of missense mutations , and the involvement of all major organ systems ( central nervous system , thyroid , breast , skin and gastrointestinal tract ) .",52,O O O O O O O O O O O O O O O O O O O O O O O O O O O O O O O O O O O O O O O O O O O O O O O O O O O O,0,
NCBI_TEST_0304,"However , these observations would need to be confirmed by studying a larger number of CD families .",18,O O O O O O O O O O O O O O O B-Disease O O,1,CD
NCBI_TEST_0305,Molecular defects leading to human complement component C6 deficiency in an African - American family .,16,O O O O O B-Disease I-Disease I-Disease I-Disease O O O O O O O,1,complement component C6 deficiency
NCBI_TEST_0306,Complement component C6 deficiency ( C6D ) was diagnosed in a 16 - year - old African - American male with meningococcal meningitis .,24,B-Disease I-Disease I-Disease I-Disease O B-Disease O O O O O O O O O O O O O O O B-Disease I-Disease O,3,Complement component C6 deficiency | C6D | meningococcal meningitis
NCBI_TEST_0307,"The patients father and two brothers also had C6D , but gave no history of meningitis or other neisserial infection .",21,O O O O O O O O B-Disease O O O O O O B-Disease O O B-Disease I-Disease O,3,C6D | meningitis | neisserial infection
NCBI_TEST_0308,"By using exon - specific polymerase chain reaction ( PCR ) / single - strand conformation polymorphism as a screening step and nucleotide sequencing of target exons , we determined that the proband was a compound heterozygote for two C6 gene mutations .",43,O O O O O O O O O O O O O O O O O O O O O O O O O O O O O O O O O O O O O O O O O O O,0,
NCBI_TEST_0309,"The first , 1195delC located in exon 7 , is a novel mutation , while the second , 1936delG in exon 12 , has been described before to cause C6D in an unrelated African - American individual .",38,O O O O O O O O O O O O O O O O O O O O O O O O O O O O O B-Disease O O O O O O O O,1,C6D
NCBI_TEST_0310,Both mutations result in premature termination codons and C6 null alleles .,12,O O O O O O O O O O O O,0,
NCBI_TEST_0311,Allele - specific PCR indicated that the probands two brothers also inherited the 1195delC mutation from their heterozygous mother and the 1936delG mutation from their homozygous father . .,29,O O O O O O O O O O O O O O O O O O O O O O O O O O O O O,0,
NCBI_TEST_0312,PAX6 mutations reviewed .,4,O O O O,0,
NCBI_TEST_0313,"Mutations in PAX6 are responsible for human aniridia and have also been found in patients with Peters anomaly , with congenital cataracts , with autosomal dominant keratitis , and with isolated foveal hypoplasia .",34,O O O O O O O B-Disease O O O O O O O O B-Disease I-Disease O O B-Disease I-Disease O O B-Disease I-Disease I-Disease O O O B-Disease I-Disease I-Disease O,5,aniridia | Peters anomaly | congenital cataracts | autosomal dominant keratitis | isolated foveal hypoplasia
NCBI_TEST_0314,"No locus other than chromosome 11p13 has been implicated in aniridia , and PAX6 is clearly the major , if not only , gene responsible .",26,O O O O O O O O O O B-Disease O O O O O O O O O O O O O O O,1,aniridia
NCBI_TEST_0315,"Twenty - eight percent of identified PAX6 mutations are C - T changes at CpG dinucleotides , 20 % are splicing errors , and more than 30 % are deletion or insertion events .",34,O O O O O O O O O O O O O O O O O O O O O O O O O O O O O O O O O O,0,
NCBI_TEST_0316,There is a noticeably elevated level of mutation in the paired domain compared with the rest of the gene .,20,O O O O O O O O O O O O O O O O O O O O,0,
NCBI_TEST_0317,Increased mutation in the homeodomain is accounted for by the hypermutable CpG dinucleotide in codon 240 .,17,O O O O O O O O O O O O O O O O O,0,
NCBI_TEST_0318,"Very nearly all mutations appear to cause loss of function of the mutant allele , and more than 80 % of exonic substitutions result in nonsense codons .",28,O O O O O O O O O O O O O O O O O O O O O O O O O O O O,0,
NCBI_TEST_0319,"In a gene with such extraordinarily high sequence conservation throughout evolution , there are presumed undiscovered missense mutations , these are hypothesized to exist in as - yet unidentified phenotypes . .",32,O O O O O O O O O O O O O O O O O O O O O O O O O O O O O O O O,0,
NCBI_TEST_0320,Genetic heterogeneity and penetrance analysis of the BRCA1 and BRCA2 genes in breast cancer families .,16,O O O O O O O O O O O O B-Disease I-Disease O O,1,breast cancer
NCBI_TEST_0321,The Breast Cancer Linkage Consortium .,6,O B-Disease I-Disease O O O,1,Breast Cancer
NCBI_TEST_0322,"The contribution of BRCA1 and BRCA2 to inherited breast cancer was assessed by linkage and mutation analysis in 237 families , each with at least four cases of breast cancer , collected by the Breast Cancer Linkage Consortium .",39,O O O O O O O B-Disease I-Disease I-Disease O O O O O O O O O O O O O O O O O O B-Disease I-Disease O O O O B-Disease I-Disease O O O,3,inherited breast cancer | breast cancer | Breast Cancer
NCBI_TEST_0323,Families were included without regard to the occurrence of ovarian or other cancers .,14,O O O O O O O O O B-Disease I-Disease I-Disease I-Disease O,1,ovarian or other cancers
NCBI_TEST_0324,"Overall , disease was linked to BRCA1 in an estimated 52 % of families , to BRCA2 in 32 % of families , and to neither gene in 16 % ( 95 % confidence interval [ CI ] 6 % - 28 % ) , suggesting other predisposition genes .",50,O O O O O O O O O O O O O O O O O O O O O O O O O O O O O O O O O O O O O O O O O O O O O O O O O O,0,
NCBI_TEST_0325,"The majority ( 81 % ) of the breast - ovarian cancer families were due to BRCA1 , with most others ( 14 % ) due to BRCA2 .",29,O O O O O O O O B-Disease I-Disease I-Disease I-Disease O O O O O O O O O O O O O O O O O,1,breast - ovarian cancer
NCBI_TEST_0326,"Conversely , the majority of families with male and female breast cancer were due to BRCA2 ( 76 % ) .",21,O O O O O O O B-Disease I-Disease I-Disease I-Disease I-Disease O O O O O O O O O,1,male and female breast cancer
NCBI_TEST_0327,The largest proportion ( 67 % ) of families due to other genes was found in families with four or five cases of female breast cancer only .,28,O O O O O O O O O O O O O O O O O O O O O O O O B-Disease I-Disease O O,1,breast cancer
NCBI_TEST_0328,These estimates were not substantially affected either by changing the assumed penetrance model for BRCA1 or by including or excluding BRCA1 mutation data .,24,O O O O O O O O O O O O O O O O O O O O O O O O,0,
NCBI_TEST_0329,"Among those families with disease due to BRCA1 that were tested by one of the standard screening methods , mutations were detected in the coding sequence or splice sites in an estimated 63 % ( 95 % CI 51 % - 77 % ) .",45,O O O O O O O O O O O O O O O O O O O O O O O O O O O O O O O O O O O O O O O O O O O O O,0,
NCBI_TEST_0330,The estimated sensitivity was identical for direct sequencing and other techniques .,12,O O O O O O O O O O O O,0,
NCBI_TEST_0331,"The penetrance of BRCA2 was estimated by maximizing the LOD score in BRCA2 - mutation families , over all possible penetrance functions .",23,O O O O O O O O O O O O O O O O O O O O O O O,0,
NCBI_TEST_0332,The estimated cumulative risk of breast cancer reached 28 % ( 95 % CI 9 % - 44 % ) by age 50 years and 84 % ( 95 % CI 43 % - 95 % ) by age 70 years .,42,O O O O O B-Disease I-Disease O O O O O O O O O O O O O O O O O O O O O O O O O O O O O O O O O O O,1,breast cancer
NCBI_TEST_0333,The corresponding ovarian cancer risks were 0 .,8,O O B-Disease I-Disease O O O O,1,ovarian cancer
NCBI_TEST_0334,4 % ( 95 % CI 0 % - 1 % ) by age 50 years and 27 % ( 95 % CI 0 % - 47 % ) by age 70 years .,34,O O O O O O O O O O O O O O O O O O O O O O O O O O O O O O O O O O,0,
NCBI_TEST_0335,"The lifetime risk of breast cancer appears similar to the risk in BRCA1 carriers , but there was some suggestion of a lower risk in BRCA2 carriers < 50 years of age .",33,O O O O B-Disease I-Disease O O O O O O O O O O O O O O O O O O O O O O O O O O O,1,breast cancer
NCBI_TEST_0336,Eye movement abnormalities correlate with genotype in autosomal dominant cerebellar ataxia type I .,14,B-Disease I-Disease I-Disease O O O O O O B-Disease I-Disease I-Disease I-Disease O,2,Eye movement abnormalities | cerebellar ataxia type I
NCBI_TEST_0337,"We compared horizontal eye movements ( visually guided saccades , antisaccades , and smooth pursuit ) in control subjects ( n = 14 ) and patients with three forms of autosomal dominant cerebellar ataxias type I spinocerebellar ataxias 1 and 2 ( SCA1 , n = 11 ; SCA2 , n = 10 ) and SCA3 / Machado - Joseph disease ( MJD ) ( n = 16 ) .",70,O O O O O O O O O O O O O O O O O O O O O O O O O O O O O O O O B-Disease I-Disease I-Disease I-Disease B-Disease I-Disease I-Disease I-Disease I-Disease O B-Disease O O O O O B-Disease O O O O O O B-Disease O B-Disease I-Disease I-Disease I-Disease O B-Disease O O O O O O O,7,cerebellar ataxias type I | spinocerebellar ataxias 1 and 2 | SCA1 | SCA2 | SCA3 | Machado - Joseph disease | MJD
NCBI_TEST_0338,"In SCA1 , saccade amplitude was significantly increased , resulting in hypermetria .",13,O B-Disease O O O O O O O O O B-Disease O,2,SCA1 | hypermetria
NCBI_TEST_0339,The smooth pursuit gain was decreased .,7,O O O O O O O,0,
NCBI_TEST_0340,"In SCA2 , saccade velocity was markedly decreased .",9,O B-Disease O O O O O O O,1,SCA2
NCBI_TEST_0341,The percentage of errors in antisaccades was greatly increased and was significantly correlated with age at disease onset .,19,O O O O O O O O O O O O O O O O O O O,0,
NCBI_TEST_0342,"In addition , a correlation between smooth pursuit gain and the number of trinucleotide repeats was found .",18,O O O O O O O O O O O O O O O O O O,0,
NCBI_TEST_0343,"In SCA3 , gaze - evoked nystagmus was often present as was saccade hypometria and smooth pursuit gain was markedly decreased .",22,O B-Disease O B-Disease I-Disease I-Disease I-Disease O O O O O O O O O O O O O O O,2,SCA3 | gaze - evoked nystagmus
NCBI_TEST_0344,"Three major criteria , saccade amplitude , saccade velocity , and presence of gaze - evoked nystagmus , permitted the correct assignment of 90 % of the SCA1 , 90 % of the SCA2 , and 93 % of the patients with SCA3 to their genetically confirmed patient group and , therefore , may help orient diagnoses of SCA1 , SCA2 , and SCA3 at early clinical stages of the diseases . .",73,O O O O O O O O O O O O O B-Disease I-Disease I-Disease I-Disease O O O O O O O O O O B-Disease O O O O O B-Disease O O O O O O O O B-Disease O O O O O O O O O O O O O O O B-Disease O B-Disease O O B-Disease O O O O O O O O O,7,gaze - evoked nystagmus | SCA1 | SCA2 | SCA3 | SCA1 | SCA2 | SCA3
NCBI_TEST_0345,Genetic basis and molecular mechanism for idiopathic ventricular fibrillation .,10,O O O O O O B-Disease I-Disease I-Disease O,1,idiopathic ventricular fibrillation
NCBI_TEST_0346,"Ventricular fibrillation causes more than 300 , 000 sudden deaths each year in the USA alone .",17,B-Disease I-Disease O O O O O O O O O O O O O O O,1,Ventricular fibrillation
NCBI_TEST_0347,"In approximately 5 - 12 % of these cases , there are no demonstrable cardiac or non - cardiac causes to account for the episode , which is therefore classified as idiopathic ventricular fibrillation ( IVF ) .",38,O O O O O O O O O O O O O O O O O O O O O O O O O O O O O O O B-Disease I-Disease I-Disease O B-Disease O O,2,idiopathic ventricular fibrillation | IVF
NCBI_TEST_0348,A distinct group of IVF patients has been found to present with a characteristic electrocardiographic pattern .,17,O O O O B-Disease O O O O O O O O O O O O,1,IVF
NCBI_TEST_0349,"Because of the small size of most pedigrees and the high incidence of sudden death , however , molecular genetic studies of IVF have not yet been done .",29,O O O O O O O O O O O O O B-Disease I-Disease O O O O O O O B-Disease O O O O O O,2,sudden death | IVF
NCBI_TEST_0350,"Because IVF causes cardiac rhythm disturbance , we investigated whether malfunction of ion channels could cause the disorder by studying mutations in the cardiac sodium channel gene SCN5A .",29,O B-Disease O O O O O O O O O O O O O O O O O O O O O O O O O O O,1,IVF
NCBI_TEST_0351,"We have now identified a missense mutation , a splice - donor mutation , and a frameshift mutation in the coding region of SCN5A in three IVF families .",29,O O O O O O O O O O O O O O O O O O O O O O O O O O B-Disease O O,1,IVF
NCBI_TEST_0352,We show that sodium channels with the missense mutation recover from inactivation more rapidly than normal and that the frameshift mutation causes the sodium channel to be non - functional .,31,O O O O O O O O O O O O O O O O O O O O O O O O O O O O O O O,0,
NCBI_TEST_0353,Our results indicate that mutations in cardiac ion - channel genes contribute to the risk of developing IVF . .,20,O O O O O O O O O O O O O O O O O B-Disease O O,1,IVF
NCBI_TEST_0354,"Molecular heterogeneity in mucopolysaccharidosis IVA in Australia and Northern Ireland : nine novel mutations including T312S , a common allele that confers a mild phenotype .",26,O O O B-Disease I-Disease O O O O O O O O O O O O O O O O O O O O O,1,mucopolysaccharidosis IVA
NCBI_TEST_0355,Mucopolysaccharidosis IVA ( MPS IVA ) is an autosomal recessive lysosomal storage disorder caused by a genetic defect in N - acetylgalactosamine - 6 - sulfate sulfatase ( GALNS ) .,31,B-Disease I-Disease O B-Disease I-Disease O O O B-Disease I-Disease I-Disease I-Disease I-Disease O O O B-Disease I-Disease O O O O O O O O O O O O O,4,Mucopolysaccharidosis IVA | MPS IVA | autosomal recessive lysosomal storage disorder | genetic defect
NCBI_TEST_0356,Previous studies of patients from a British - Irish population showed that the I113F mutation is the most common single mutation among MPS IVA patients and produces a severe clinical phenotype .,32,O O O O O O O O O O O O O O O O O O O O O O B-Disease I-Disease O O O O O O O O,1,MPS IVA
NCBI_TEST_0357,"We studied mutations in the GALNS gene from 23 additional MPS IVA patients ( 15 from Australia , 8 from Northern Ireland ) , with various clinical phenotypes ( severe , 16 cases ; intermediate , 4 cases ; mild , 3 cases ) .",45,O O O O O O O O O O B-Disease I-Disease O O O O O O O O O O O O O O O O O O O O O O O O O O O O O O O O O,1,MPS IVA
NCBI_TEST_0358,We found two common mutations that together accounted for 32 % of the 44 unrelated alleles in these patients .,20,O O O O O O O O O O O O O O O O O O O O,0,
NCBI_TEST_0359,"One is the T312S mutation , a novel mutation found exclusively in milder patients .",15,O O O O O O O O O O O O O O O,0,
NCBI_TEST_0360,The other is the previously described I113F that produces a severe phenotype .,13,O O O O O O O O O O O O O,0,
NCBI_TEST_0361,"The I113F and T312S mutations accounted for 8 ( 18 % ) and 6 ( 14 % ) of 44 unrelated alleles , respectively .",25,O O O O O O O O O O O O O O O O O O O O O O O O O,0,
NCBI_TEST_0362,The relatively high residual GALNS activity seen when the T312S mutant cDNA is overexpressed in mutant cells provides an explanation for the mild phenotype in patients with this mutation .,30,O O O O O O O O O O O O O O O O O O O O O O O O O O O O O O,0,
NCBI_TEST_0363,"The distribution and relative frequencies of the I113F and T312S mutations in Australia corresponded to those observed in Northern Ireland and are unique to these two populations , suggesting that both mutations were probably introduced to Australia by Irish migrants during the 19th century .",45,O O O O O O O O O O O O O O O O O O O O O O O O O O O O O O O O O O O O O O O O O O O O O,0,
NCBI_TEST_0364,Haplotype analysis using 6 RFLPs provides additional data that the I113F mutation originated from a common ancestor .,18,O O O O O O O O O O O O O O O O O O,0,
NCBI_TEST_0365,The other 9 novel mutations identified in these 23 patients were each limited to a single family .,18,O O O O O O O O O O O O O O O O O O,0,
NCBI_TEST_0366,These data provide further evidence for extensive allelic heterogeneity in MPS IVA in British - Irish patients and provide evidence for their transmission to Australia by British - Irish migrants . .,32,O O O O O O O O O O B-Disease I-Disease O O O O O O O O O O O O O O O O O O O O,1,MPS IVA
NCBI_TEST_0367,"Identification of constitutional WT1 mutations , in patients with isolated diffuse mesangial sclerosis , and analysis of genotype / phenotype correlations by use of a computerized mutation database .",29,O O O O O O O O O O B-Disease I-Disease I-Disease O O O O O O O O O O O O O O O O,1,diffuse mesangial sclerosis
NCBI_TEST_0368,"Constitutional mutations of the WT1 gene , encoding a zinc - finger transcription factor involved in renal and gonadal development , are found in most patients with Denys - Drash syndrome ( DDS ) , or diffuse mesangial sclerosis ( DMS ) associated with pseudohermaphroditism and / or Wilms tumor ( WT ) .",54,O O O O O O O O O O O O O O O O O O O O O O O O O O O B-Disease I-Disease I-Disease I-Disease O B-Disease O O O B-Disease I-Disease I-Disease O B-Disease O O O B-Disease O O O B-Disease I-Disease O B-Disease O O,7,Denys - Drash syndrome | DDS | diffuse mesangial sclerosis | DMS | pseudohermaphroditism | Wilms tumor | WT
NCBI_TEST_0369,"Most mutations in DDS patients lie in exon 8 or exon 9 , encoding zinc finger 2 or zinc finger 3 , respectively , with a hot spot ( R394W ) in exon 9 .",35,O O O B-Disease O O O O O O O O O O O O O O O O O O O O O O O O O O O O O O O,1,DDS
NCBI_TEST_0370,"We analyzed a series of 24 patients , 10 with isolated DMS ( IDMS ) , 10 with DDS , and 4 with urogenital abnormalities and / or WT .",30,O O O O O O O O O O B-Disease I-Disease O B-Disease O O O O B-Disease O O O O B-Disease I-Disease O O O B-Disease O,5,isolated DMS | IDMS | DDS | urogenital abnormalities | WT
NCBI_TEST_0371,"We report WT1 heterozygous mutations in 16 patients , 4 of whom presented with IDMS .",16,O O O O O O O O O O O O O O B-Disease O,1,IDMS
NCBI_TEST_0372,One male and two female IDMS patients with WT1 mutations underwent normal puberty .,14,O O O O O B-Disease O O O O O O O O,1,IDMS
NCBI_TEST_0373,Two mutations associated with IDMS are different from those described in DDS patients .,14,O O O O B-Disease O O O O O O B-Disease O O,2,IDMS | DDS
NCBI_TEST_0374,"No WT1 mutations were detected in the six other IDMS patients , suggesting genetic heterogeneity of this disease .",19,O O O O O O O O O B-Disease O O O O O O O O O,1,IDMS
NCBI_TEST_0375,"We analyzed genotype / phenotype correlations , on the basis of the constitution of a WT1 mutation database of 84 germ - line mutations , to compare the distribution and type of mutations , according to the different symptoms .",40,O O O O O O O O O O O O O O O O O O O O O O O O O O O O O O O O O O O O O O O O,0,
NCBI_TEST_0376,"This demonstrated ( 1 ) the association between mutations in exons 8 and 9 and DMS ; ( 2 ) among patients with DMS , a higher frequency of exon 8 mutations among 46 , XY patients with female phenotype than among 46 , XY patients with sexual ambiguity or male phenotype ; and ( 3 ) statistically significant evidence that mutations in exons 8 and 9 preferentially affect amino acids with different functions . .",76,O O O O O O O O O O O O O O O B-Disease O O O O O O O B-Disease O O O O O O O O O O O O O O O O O O O O O O O O O O O O O O O O O O O O O O O O O O O O O O O O O O O O,2,DMS | DMS
NCBI_TEST_0377,The 185delAG BRCA1 mutation originated before the dispersion of Jews in the diaspora and is not limited to Ashkenazim .,20,O O O O O O O O O O O O O O O O O O O O,0,
NCBI_TEST_0378,The 185delAG mutation in BRCA1 is detected in Ashkenazi Jews both in familial breast and ovarian cancer and in the general population .,23,O O O O O O O O O O O O B-Disease I-Disease I-Disease I-Disease I-Disease O O O O O O,1,familial breast and ovarian cancer
NCBI_TEST_0379,All tested Ashkenazi mutation carriers share the same allelic pattern at the BRCA1 locus .,15,O O O O O O O O O O O O O O O,0,
NCBI_TEST_0380,Our previous study showed that this Ashkenazi mutation also occurs in Iraqi Jews with a similar allelic pattern .,19,O O O O O O O O O O O O O O O O O O O,0,
NCBI_TEST_0381,"We extended our analysis to other non - Ashkenazi subsets 354 of Moroccan origin , 200 Yemenites and 150 Iranian Jews .",22,O O O O O O O O O O O O O O O O O O O O O O,0,
NCBI_TEST_0382,Heteroduplex analysis complemented by direct DNA sequencing of abnormally migrating bands were employed .,14,O O O O O O O O O O O O O O,0,
NCBI_TEST_0383,Four of Moroccan origin ( 1 . 1 % ) and none of the Yemenites or Iranians was a carrier of the 185delAG mutation .,25,O O O O O O O O O O O O O O O O O O O O O O O O O,0,
NCBI_TEST_0384,BRCA1 allelic patterns were determined for four of these individuals and for 12 additional non - Ashkenazi 185delAG mutation carriers who had breast / ovarian cancer .,27,O O O O O O O O O O O O O O O O O O O O O O B-Disease I-Disease I-Disease I-Disease O,1,breast / ovarian cancer
NCBI_TEST_0385,"Six non - Ashkenazi individuals shared the common Ashkenazi haplotype , four had a closely related pattern , and the rest ( n = 6 ) displayed a distinct BRCA1 allelic pattern .",33,O O O O O O O O O O O O O O O O O O O O O O O O O O O O O O O O O,0,
NCBI_TEST_0386,We conclude that the 185delAG BRCA1 mutation occurs in some non - Ashkenazi populations at rates comparable with that of Ashkenazim .,22,O O O O O O O O O O O O O O O O O O O O O O,0,
NCBI_TEST_0387,"The majority of Jewish 185delAG mutation carriers have a common allelic pattern , supporting the founder effect notion , but dating the mutations origin to an earlier date than currently estimated .",32,O O O O O O O O O O O O O O O O O O O O O O O O O O O O O O O O,0,
NCBI_TEST_0388,"However , the different allelic pattern at the BRCA1 locus even in some Jewish mutation carriers , might suggest that the mutation arose independently . .",26,O O O O O O O O O O O O O O O O O O O O O O O O O O,0,
NCBI_TEST_0389,Crystal structure of the hemochromatosis protein HFE and characterization of its interaction with transferrin receptor .,16,O O O O B-Disease O O O O O O O O O O O,1,hemochromatosis
NCBI_TEST_0390,HFE is an MHC - related protein that is mutated in the iron - overload disease hereditary hemochromatosis .,19,O O O O O O O O O O O O B-Disease I-Disease I-Disease I-Disease B-Disease I-Disease O,2,iron - overload disease | hereditary hemochromatosis
NCBI_TEST_0391,"HFE binds to transferrin receptor ( TfR ) and reduces its affinity for iron - loaded transferrin , implicating HFE in iron metabolism .",24,O O O O O O O O O O O O O O O O O O O O O O O O,0,
NCBI_TEST_0392,The 2 .,3,O O O,0,
NCBI_TEST_0393,6 A crystal structure of HFE reveals the locations of hemochromatosis mutations and a patch of histidines that could be involved in pH - dependent interactions .,27,O O O O O O O O O O B-Disease O O O O O O O O O O O O O O O O,1,hemochromatosis
NCBI_TEST_0394,"We also demonstrate that soluble TfR and HFE bind tightly at the basic pH of the cell surface , but not at the acidic pH of intracellular vesicles .",29,O O O O O O O O O O O O O O O O O O O O O O O O O O O O O,0,
NCBI_TEST_0395,"TfR HFE stoichiometry ( 2 1 ) differs from TfR transferrin stoichiometry ( 2 2 ) , implying a different mode of binding for HFE and transferrin to TfR , consistent with our demonstration that HFE , transferrin , and TfR form a ternary complex .",46,O O O O O O O O O O O O O O O O O O O O O O O O O O O O O O O O O O O O O O O O O O O O O O,0,
NCBI_TEST_0396,Identification of three novel mutations and a high frequency of the Arg778Leu mutation in Korean patients with Wilson disease .,20,O O O O O O O O O O O O O O O O O B-Disease I-Disease O,1,Wilson disease
NCBI_TEST_0397,"Four mutations - - R778L , A874V , L1083F , and 2304delC - - in the copper - transporting enzyme , P - type ATPase ( ATP7B ) , were identified in Korean Patients with Wilson disease .",38,O O O O O O O O O O O O O O O O O O O O O O O O O O O O O O O O O O O B-Disease I-Disease O,1,Wilson disease
NCBI_TEST_0398,"Arg778Leu , the most frequently reported mutation of this enzyme , was found in six of eight unrelated patients studied , an allele frequency of 37 .",27,O O O O O O O O O O O O O O O O O O O O O O O O O O O,0,
NCBI_TEST_0399,"5 % , which is considerably higher than those in other Asian populations .",14,O O O O O O O O O O O O O O,0,
NCBI_TEST_0400,"The novel single nucleotide deletion , 2304delC , was found in one patient .",14,O O O O O O O O O O O O O O,0,
NCBI_TEST_0401,"Since a mutation at cDNA nucleotide 2302 ( 2302insC ) had been previously described , this region of the ATP7B gene may be susceptible to gene rearrangements causing Wilson disease .",31,O O O O O O O O O O O O O O O O O O O O O O O O O O O O B-Disease I-Disease O,1,Wilson disease
NCBI_TEST_0402,Disruption of splicing regulated by a CUG - binding protein in myotonic dystrophy .,14,O O O O O O O O O O O B-Disease I-Disease O,1,myotonic dystrophy
NCBI_TEST_0403,Myotonic dystrophy ( DM ) is caused by a CTG expansion in the 3 untranslated region of the DM gene .,21,B-Disease I-Disease O B-Disease O O O O O O O O O O O O O O B-Disease O O,3,Myotonic dystrophy | DM | DM
NCBI_TEST_0404,One model of DM pathogenesis suggests that RNAs from the expanded allele create a gain - of - function mutation by the inappropriate binding of proteins to the CUG repeats .,31,O O O B-Disease O O O O O O O O O O O O O O O O O O O O O O O O O O O,1,DM
NCBI_TEST_0405,"Data presented here indicate that the conserved heterogeneous nuclear ribonucleoprotein , CUG - binding protein ( CUG - BP ) , may mediate the trans - dominant effect of the RNA .",32,O O O O O O O O O O O O O O O O O O O O O O O O O O O O O O O O,0,
NCBI_TEST_0406,CUG - BP was found to bind to the human cardiac troponin T ( cTNT ) pre - messenger RNA and regulate its alternative splicing .,26,O O O O O O O O O O O O O O O O O O O O O O O O O O,0,
NCBI_TEST_0407,Splicing of cTNT was disrupted in DM striated muscle and in normal cells expressing transcripts that contain CUG repeats .,20,O O O O O O B-Disease O O O O O O O O O O O O O,1,DM
NCBI_TEST_0408,Altered expression of genes regulated posttranscriptionally by CUG - BP therefore may contribute to DM pathogenesis . .,18,O O O O O O O O O O O O O O B-Disease O O O,1,DM
NCBI_TEST_0409,Identification of a novel nonsense mutation and a missense substitution in the vasopressin - neurophysin II gene in two Spanish kindreds with familial neurohypophyseal diabetes insipidus .,27,O O O O O O O O O O O O O O O O O O O O O O B-Disease I-Disease I-Disease I-Disease O,1,familial neurohypophyseal diabetes insipidus
NCBI_TEST_0410,Familial neurohypophyseal diabetes insipidus ( FNDI ) is an autosomal dominant disease caused by deficiency in the antidiuretic hormone arginine vasopressin ( AVP ) encoded by the AVP - neurophysin II ( AVP - NPII ) gene on chromosome 20p13 .,41,B-Disease I-Disease I-Disease I-Disease O B-Disease O O O B-Disease I-Disease I-Disease O O O O O O O O O O O O O O O O O O O O O O O O O O O O O,3,Familial neurohypophyseal diabetes insipidus | FNDI | autosomal dominant disease
NCBI_TEST_0411,"In this study , we analyzed two families with FNDI using direct automated fluorescent , solid phase , single - stranded DNA sequencing of PCR - amplified AVP - NPII DNA .",32,O O O O O O O O O B-Disease O O O O O O O O O O O O O O O O O O O O O O,1,FNDI
NCBI_TEST_0412,"In one of the families , affected individuals presented a novel nonsense mutation in exon 3 of the gene , consisting in a G to T transition at nucleotide 2101 , which produces a stop signal in codon 82 ( Glu ) of NPII .",45,O O O O O O O O O O O O O O O O O O O O O O O O O O O O O O O O O O O O O O O O O O O O O,0,
NCBI_TEST_0413,"The premature termination eliminates part of the C - terminal domain of NPII , including a cysteine residue in position 85 , which could be involved in the correct folding of the prohormone .",34,O O O O O O O O O O O O O O O O O O O O O O O O O O O O O O O O O O,0,
NCBI_TEST_0414,"In the second family , a G279A substitution at position - 1 of the signal peptide was observed in all affected individuals .",23,O O O O O O O O O O O O O O O O O O O O O O O,0,
NCBI_TEST_0415,"This missense mutation , which replaces Ala with Thr , is frequent among FNDI patients and is thought to reduce the efficiency of cleavage by signal peptidases . .",29,O O O O O O O O O O O O O B-Disease O O O O O O O O O O O O O O O,1,FNDI
NCBI_TEST_0416,"Genetic heterogeneity of Saethre - Chotzen syndrome , due to TWIST and FGFR mutations .",15,O O O B-Disease I-Disease I-Disease I-Disease O O O O O O O O,1,Saethre - Chotzen syndrome
NCBI_TEST_0417,"Thirty - two unrelated patients with features of Saethre - Chotzen syndrome , a common autosomal dominant condition of craniosynostosis and limb anomalies , were screened for mutations in TWIST , FGFR2 , and FGFR3 .",36,O O O O O O O O B-Disease I-Disease I-Disease I-Disease O O O B-Disease I-Disease I-Disease O B-Disease O B-Disease I-Disease O O O O O O O O O O O O O,4,Saethre - Chotzen syndrome | autosomal dominant condition | craniosynostosis | limb anomalies
NCBI_TEST_0418,Nine novel and three recurrent TWIST mutations were found in 12 families .,13,O O O O O O O O O O O O O,0,
NCBI_TEST_0419,"Seven families were found to have the FGFR3 P250R mutation , and one individual was found to have an FGFR2 VV269 - 270 deletion .",25,O O O O O O O O O O O O O O O O O O O O O O O O O,0,
NCBI_TEST_0420,"To date , our detection rate for TWIST or FGFR mutations is 68 % in our Saethre - Chotzen syndrome patients , including our five patients elsewhere reported with TWIST mutations .",32,O O O O O O O O O O O O O O O O B-Disease I-Disease I-Disease I-Disease O O O O O O O O O O O O,1,Saethre - Chotzen syndrome
NCBI_TEST_0421,More than 35 different TWIST mutations are now known in the literature .,13,O O O O O O O O O O O O O,0,
NCBI_TEST_0422,"The most common phenotypic features , present in more than a third of our patients with TWIST mutations , are coronal synostosis , brachycephaly , low frontal hairline , facial asymmetry , ptosis , hypertelorism , broad great toes , and clinodactyly .",43,O O O O O O O O O O O O O O O O O O O O B-Disease I-Disease O B-Disease O B-Disease I-Disease I-Disease O B-Disease I-Disease O B-Disease O B-Disease O B-Disease I-Disease I-Disease O O B-Disease O,8,coronal synostosis | brachycephaly | low frontal hairline | facial asymmetry | ptosis | hypertelorism | broad great toes | clinodactyly
NCBI_TEST_0423,Significant intra - and interfamilial phenotypic variability is present for either TWIST mutations or FGFR mutations .,17,O O O O O O O O O O O O O O O O O,0,
NCBI_TEST_0424,"The overlap in clinical features and the presence , in the same genes , of mutations for more than one craniosynostotic condition - such as Saethre - Chotzen , Crouzon , and Pfeiffer syndromes - support the hypothesis that TWIST and FGFRs are components of the same molecular pathway involved in the modulation of craniofacial and limb development in humans . .",62,O O O O O O O O O O O O O O O O O O O O B-Disease I-Disease O O O B-Disease I-Disease I-Disease I-Disease I-Disease I-Disease I-Disease I-Disease I-Disease O O O O O O O O O O O O O O O O O O O O O O O O O O O O,2,"craniosynostotic condition | Saethre - Chotzen , Crouzon , and Pfeiffer syndromes"
NCBI_TEST_0425,Mutation analysis of UBE3A in Angelman syndrome patients .,9,O O O O O B-Disease I-Disease O O,1,Angelman syndrome
NCBI_TEST_0426,"Angelman syndrome ( AS ) is caused by chromosome 15q11 - q13 deletions of maternal origin , by paternal uniparental disomy ( UPD ) 15 , by imprinting defects , and by mutations in the UBE3A gene .",38,B-Disease I-Disease O B-Disease O O O O O O O O O O O O O O O B-Disease I-Disease O B-Disease O O O O O O O O O O O O O O O,4,Angelman syndrome | AS | uniparental disomy | UPD
NCBI_TEST_0427,UBE3A encodes a ubiquitin - protein ligase and shows brain - specific imprinting .,14,O O O O O O O O O O O O O O,0,
NCBI_TEST_0428,Here we describe UBE3A coding - region mutations detected by SSCP analysis in 13 AS individuals or families .,19,O O O O O O O O O O O O O O B-Disease O O O O,1,AS
NCBI_TEST_0429,Two identical de novo 5 - bp duplications in exon 16 were found .,14,O O O O O O O O O O O O O O,0,
NCBI_TEST_0430,"Among the other 11 unique mutations , 8 were small deletions or insertions predicted to cause frameshifts , 1 was a mutation to a stop codon , 1 was a missense mutation , and 1 was predicted to cause insertion of an isoleucine in the hect domain of the UBE3A protein , which functions in E2 binding and ubiquitin transfer .",61,O O O O O O O O O O O O O O O O O O O O O O O O O O O O O O O O O O O O O O O O O O O O O O O O O O O O O O O O O O O O O,0,
NCBI_TEST_0431,"Eight of the cases were familial , and five were sporadic .",12,O O O O O O O O O O O O,0,
NCBI_TEST_0432,"In two familial cases and one sporadic case , mosaicism for UBE3A mutations was detected in the mother of three AS sons , in the maternal grandfather of two AS first cousins , and in the mother of an AS daughter .",42,O O O O O O O O O O O O O O O O O O O O B-Disease O O O O O O O O B-Disease O O O O O O O O O B-Disease O O,3,AS | AS | AS
NCBI_TEST_0433,The frequencies with which we detected mutations were 5 ( 14 % ) of 35 in sporadic cases and 8 ( 80 % ) of 10 in familial cases . .,31,O O O O O O O O O O O O O O O O O O O O O O O O O O O O O O O,0,
NCBI_TEST_0434,The hemochromatosis 845 G - - > A and 187 C - - > G mutations : prevalence in non - Caucasian populations .,24,O B-Disease O O O O O O O O O O O O O O O O O O O O O O,1,hemochromatosis
NCBI_TEST_0435,"Hemochromatosis , the inherited disorder of iron metabolism , leads , if untreated , to progressive iron overload and premature death .",22,B-Disease O O B-Disease I-Disease I-Disease I-Disease I-Disease O O O O O O O O B-Disease I-Disease O B-Disease I-Disease O,4,Hemochromatosis | inherited disorder of iron metabolism | iron overload | premature death
NCBI_TEST_0436,"The hemochromatosis gene , HFE , recently has been identified , and characterization of this gene has shown that it contains two mutations that result in amino acid substitutions - cDNA nucleotides 845 G - - > A ( C282Y ) and 187 C - - > G ( H63D ) .",52,O B-Disease O O O O O O O O O O O O O O O O O O O O O O O O O O O O O O O O O O O O O O O O O O O O O O O O O O,1,hemochromatosis
NCBI_TEST_0437,"Although hemochromatosis is common in Caucasians , affecting > = 1 / 300 individuals of northern European origin , it has not been recognized in other populations .",28,O B-Disease O O O O O O O O O O O O O O O O O O O O O O O O O O,1,hemochromatosis
NCBI_TEST_0438,"The present study used PCR and restriction - enzyme digestion to analyze the frequency of the 845 G - - > A and 187 C - - > G mutations in HLA - typed samples from non - Caucasian populations , comprising Australian Aboriginal , Chinese , and Pacific Islanders .",51,O O O O O O O O O O O O O O O O O O O O O O O O O O O O O O O O O O O O O O O O O O O O O O O O O O O,0,
NCBI_TEST_0439,"Results showed that the 845 G - - > A mutation was present in these populations ( allele frequency 0 . 32 % ) , and , furthermore , it was always seen in conjunction with HLA haplotypes common in Caucasians , suggesting that 845 G - - > A may have been introduced into these populations by Caucasian admixture .",61,O O O O O O O O O O O O O O O O O O O O O O O O O O O O O O O O O O O O O O O O O O O O O O O O O O O O O O O O O O O O O,0,
NCBI_TEST_0440,187 C - - > G was present at an allele frequency of 2 .,15,O O O O O O O O O O O O O O O,0,
NCBI_TEST_0441,68 % in the two populations analyzed ( Australian Aboriginal and Chinese ) .,14,O O O O O O O O O O O O O O,0,
NCBI_TEST_0442,"In the Australian Aboriginal samples , 187 C - - > G was found to be associated with HLA haplotypes common in Caucasians , suggesting that it was introduced by recent admixture .",33,O O O O O O O O O O O O O O O O O O O O O O O O O O O O O O O O O,0,
NCBI_TEST_0443,"In the Chinese samples analyzed , 187 C - - > G was present in association with a wide variety of HLA haplotypes , showing this mutation to be widespread and likely to predate the more genetically restricted 845 G - - > A mutation .",46,O O O O O O O O O O O O O O O O O O O O O O O O O O O O O O O O O O O O O O O O O O O O O O,0,
NCBI_TEST_0444,Genotype - phenotype correlations in attenuated adenomatous polyposis coli .,10,O O O O O B-Disease I-Disease I-Disease I-Disease O,1,attenuated adenomatous polyposis coli
NCBI_TEST_0445,"Germ - line mutations of the tumor suppressor APC are implicated in attenuated adenomatous polyposis coli ( AAPC ) , a variant of familial adenomatous polyposis ( FAP ) .",30,O O O O O O B-Disease O O O O O B-Disease I-Disease I-Disease I-Disease O B-Disease O O O O O B-Disease I-Disease I-Disease O B-Disease O O,5,tumor | attenuated adenomatous polyposis coli | AAPC | familial adenomatous polyposis | FAP
NCBI_TEST_0446,AAPC is recognized by the occurrence of < 100 colonic adenomas and a later onset of colorectal cancer ( age > 40 years ) .,25,B-Disease O O O O O O O O B-Disease I-Disease O O O O O B-Disease I-Disease O O O O O O O,3,AAPC | colonic adenomas | colorectal cancer
NCBI_TEST_0447,The aim of this study was to assess genotype - phenotype correlations in AAPC families .,16,O O O O O O O O O O O O O B-Disease O O,1,AAPC
NCBI_TEST_0448,"By protein - truncation test ( PTT ) assay , the entire coding region of the APC gene was screened in affected individuals from 11 AAPC kindreds , and their phenotypic differences were examined .",35,O O O O O O O O O O O O O O O O B-Disease O O O O O O O O B-Disease O O O O O O O O O,2,APC | AAPC
NCBI_TEST_0449,Five novel germ - line APC mutations were identified in seven kindreds .,13,O O O O O B-Disease O O O O O O O,1,APC
NCBI_TEST_0450,"Mutations were located in three different regions of the APC gene ( 1 ) at the 5 end spanning exons 4 and 5 , ( 2 ) within exon 9 , and ( 3 ) at the 3 distal end of the gene .",44,O O O O O O O O O B-Disease O O O O O O O O O O O O O O O O O O O O O O O O O O O O O O O O O O,1,APC
NCBI_TEST_0451,"Variability in the number of colorectal adenomas was most apparent in individuals with mutations in region 1 , and upper - gastrointestinal manifestations were more severe in them .",29,O O O O O B-Disease I-Disease O O O O O O O O O O O O O O O O O O O O O O,1,colorectal adenomas
NCBI_TEST_0452,"In individuals with mutations in either region 2 or region 3 , the average number of adenomas tended to be lower than those in individuals with mutations in region 1 , although age at diagnosis was similar .",38,O O O O O O O O O O O O O O O O B-Disease O O O O O O O O O O O O O O O O O O O O O,1,adenomas
NCBI_TEST_0453,"In all AAPC kindreds , a predominance of right - sided colorectal adenomas and rectal polyp sparing was observed .",20,O O B-Disease O O O O O O O O B-Disease I-Disease O B-Disease I-Disease O O O O,3,AAPC | colorectal adenomas | rectal polyp
NCBI_TEST_0454,No desmoid tumors were found in these kindreds .,9,O B-Disease I-Disease O O O O O O,1,desmoid tumors
NCBI_TEST_0455,"Our data suggest that , in AAPC families , the location of the APC mutation may partially predict specific phenotypic expression .",22,O O O O O O B-Disease O O O O O O B-Disease O O O O O O O O,2,AAPC | APC
NCBI_TEST_0456,This should help in the design of tailored clinical - management protocols in this subset of FAP patients . .,20,O O O O O O O O O O O O O O O O B-Disease O O O,1,FAP
NCBI_TEST_0457,Wilms ' tumor 1 and Dax - 1 modulate the orphan nuclear receptor SF - 1 in sex - specific gene expression .,23,B-Disease I-Disease I-Disease O O O O O O O O O O O O O O O O O O O O,1,Wilms ' tumor
NCBI_TEST_0458,Products of steroidogenic factor 1 ( SF - 1 ) and Wilms tumor 1 ( WT1 ) genes are essential for mammalian gonadogenesis prior to sexual differentiation .,28,O O O O O O O O O O O B-Disease I-Disease O O O O O O O O O O O O O O O,1,Wilms tumor
NCBI_TEST_0459,"In males , SF - 1 participates in sexual development by regulating expression of the polypeptide hormone Mullerian inhibiting substance ( MIS ) .",24,O O O O O O O O O O O O O O O O O O O O O O O O,0,
NCBI_TEST_0460,"Here , we show that WT1 - KTS isoforms associate and synergize with SF - 1 to promote MIS expression .",21,O O O O O O O O O O O O O O O O O O O O O,0,
NCBI_TEST_0461,"In contrast , WT1 missense mutations , associated with male pseudohermaphroditism in Denys - Drash syndrome , fail to synergize with SF - 1 .",25,O O O O O O O O O B-Disease I-Disease O B-Disease I-Disease I-Disease I-Disease O O O O O O O O O,2,male pseudohermaphroditism | Denys - Drash syndrome
NCBI_TEST_0462,"Additionally , the X - linked , candidate dosage - sensitive sex - reversal gene , Dax - 1 , antagonizes synergy between SF - 1 and WT1 , most likely through a direct interaction with SF - 1 .",40,O O O O O O O O O O O O O O O O O O O O O O O O O O O O O O O O O O O O O O O O,0,
NCBI_TEST_0463,We propose that WT1 and Dax - 1 functionally oppose each other in testis development by modulating SF - 1 - mediated transactivation . .,25,O O O O O O O O O O O O O O O O O O O O O O O O O,0,
NCBI_TEST_0464,A mouse model for Prader - Willi syndrome imprinting - centre mutations .,13,O O O O B-Disease I-Disease I-Disease I-Disease O O O O O,1,Prader - Willi syndrome
NCBI_TEST_0465,"Imprinting in the 15q11 - q13 region involves an imprinting centre ( IC ) , mapping in part to the promoter and first exon of SNRPN .",27,O O O O O O O O O O O O O O O O O O O O O O O O O O O,0,
NCBI_TEST_0466,Deletion of this IC abolishes local paternally derived gene expression and results in Prader - Willi syndrome ( PWS ) .,21,O O O O O O O O O O O O O B-Disease I-Disease I-Disease I-Disease O B-Disease O O,2,Prader - Willi syndrome | PWS
NCBI_TEST_0467,We have created two deletion mutations in mice to understand PWS and the mechanism of this IC .,18,O O O O O O O O O O B-Disease O O O O O O O,1,PWS
NCBI_TEST_0468,"Mice harbouring an intragenic deletion in Snrpn are phenotypically normal , suggesting that mutations of SNRPN are not sufficient to induce PWS .",23,O O O O O O O O O O O O O O O O O O O O O B-Disease O,1,PWS
NCBI_TEST_0469,"Mice with a larger deletion involving both Snrpn and the putative PWS - IC lack expression of the imprinted genes Zfp127 ( mouse homologue of ZNF127 ) , Ndn and Ipw , and manifest several phenotypes common to PWS infants .",41,O O O O O O O O O O O O O O O O O O O O O O O O O O O O O O O O O O O O O O B-Disease O O,1,PWS
NCBI_TEST_0470,"These data demonstrate that both the position of the IC and its role in the coordinate expression of genes is conserved between mouse and human , and indicate that the mouse is a suitable model system in which to investigate the molecular mechanisms of imprinting in this region of the genome . .",53,O O O O O O O O O O O O O O O O O O O O O O O O O O O O O O O O O O O O O O O O O O O O O O O O O O O O O,0,
NCBI_TEST_0471,Mutations of the ATM gene detected in Japanese ataxia - telangiectasia patients : possible preponderance of the two founder mutations 4612del165 and 7883del5 .,24,O O O O O O O O B-Disease I-Disease I-Disease O O O O O O O O O O O O O,1,ataxia - telangiectasia
NCBI_TEST_0472,"The ATM ( A - T , mutated ) gene on human chromosome 11q22 .",15,O O O O O O O O O O O O O O O,0,
NCBI_TEST_0473,3 has recently been identified as the gene responsible for the human recessive disease ataxia - telangiectasia ( A - T ) .,23,O O O O O O O O O O O O B-Disease I-Disease B-Disease I-Disease I-Disease O B-Disease I-Disease I-Disease O O,3,recessive disease | ataxia - telangiectasia | A - T
NCBI_TEST_0474,"In order to define the types of disease - causing ATM mutations in Japanese A - T patients as well as to look for possible mutational hotspots , reverse - transcribed RNA derived from ten patients belonging to eight unrelated Japanese A - T families was analyzed for mutations by the restriction endonuclease fingerprinting method .",56,O O O O O O O O O O O O O O B-Disease I-Disease I-Disease O O O O O O O O O O O O O O O O O O O O O O O O B-Disease I-Disease I-Disease O O O O O O O O O O O O,2,A - T | A - T
NCBI_TEST_0475,"As has been reported by others , mutations that lead to exon skipping or premature protein truncation were also predominant in our mutants .",24,O O O O O O O O O O O O O O O O O O O O O O O O,0,
NCBI_TEST_0476,Six different mutations were identified on 12 of the 16 alleles examined .,13,O O O O O O O O O O O O O,0,
NCBI_TEST_0477,"Four were deletions involving a loss of a single exon exon 7 , exon 16 , exon 33 or exon 35 .",22,O O O O O O O O O O O O O O O O O O O O O O,0,
NCBI_TEST_0478,"The others were minute deletions , 4649delA in exon 33 and 7883del5 in exon 55 .",16,O O O O O O O O O O O O O O O O,0,
NCBI_TEST_0479,The mutations 4612del165 and 7883del5 were found in more than two unrelated families ; 44 % ( 7 of 16 ) of the mutant alleles had one of the two mutations .,32,O O O O O O O O O O O O O O O O O O O O O O O O O O O O O O O O,0,
NCBI_TEST_0480,The 4612del165 mutations in three different families were all ascribed to the same T - - > A substitution at the splice donor site in intron 33 .,28,O O O O O O O O O O O O O O O O O O O O O O O O O O O O,0,
NCBI_TEST_0481,Microsatellite genotyping around the ATM locus also indicated that a common haplotype was shared by the mutant alleles in both mutations .,22,O O O O O O O O O O O O O O O O O O O O O O,0,
NCBI_TEST_0482,This suggests that these two founder mutations may be predominant among Japanese ATM mutant alleles .,16,O O O O O O O O O O O O O O O O,0,
NCBI_TEST_0483,W474C amino acid substitution affects early processing of the alpha - subunit of beta - hexosaminidase A and is associated with subacute G ( M2 ) gangliosidosis .,28,O O O O O O O O O O O O O O O O O O O O O O B-Disease I-Disease I-Disease I-Disease I-Disease O,1,G ( M2 ) gangliosidosis
NCBI_TEST_0484,"Mutations in the HEXA gene , encoding the alpha - subunit of beta - hexosaminidase A ( Hex A ) , that abolish Hex A enzyme activity cause Tay - Sachs disease ( TSD ) , the fatal infantile form of G ( M2 ) gangliosidosis , Type 1 .",50,O O O O O O O O O O O O O O O O O O O O O O O O O O O O B-Disease I-Disease I-Disease I-Disease O B-Disease O O O O B-Disease I-Disease I-Disease I-Disease I-Disease I-Disease I-Disease I-Disease I-Disease I-Disease I-Disease O,3,"Tay - Sachs disease | TSD | infantile form of G ( M2 ) gangliosidosis , Type 1"
NCBI_TEST_0485,"Less severe , subacute ( juvenile - onset ) and chronic ( adult - onset ) variants are characterized by a broad spectrum of clinical manifestations and are associated with residual levels of Hex A enzyme activity .",38,O O O O O O O O O O O O O O O O O O O O O O O O O O O O O O O O O O O O O O,0,
NCBI_TEST_0486,We identified a 1422 G - - > C ( amino acid W474C ) substitution in the first position of exon 13 of HEXA of a non - Jewish proband who manifested a subacute variant of G ( M2 ) gangliosidosis .,42,O O O O O O O O O O O O O O O O O O O O O O O O O O O O O O O O O O O O B-Disease I-Disease I-Disease I-Disease I-Disease O,1,G ( M2 ) gangliosidosis
NCBI_TEST_0487,"On the second maternally inherited allele , we identified the common infantile disease - causing 4 - bp insertion , + TATC 1278 , in exon 11 .",28,O O O O O O O O O O O O O O O O O O O O O O O O O O O O,0,
NCBI_TEST_0488,"Pulse - chase analysis using proband fibroblasts revealed that the W474C - containing alpha - subunit precursor was normally synthesized , but not phosphorylated or secreted , and the mature lysosomal alpha - subunit was not detected .",38,O O O O O O O O O O O O O O O O O O O O O O O O O O O O O O O O O O O O O O,0,
NCBI_TEST_0489,"When the W474C - containing alpha - subunit was transiently co - expressed with the beta - subunit to produce Hex A ( alphabeta ) in COS - 7 cells , the mature alpha - subunit was present , but its level was much lower than that from normal alpha - subunit transfections , although higher than in those cells transfected with an alpha - subunit associated with infantile TSD .",71,O O O O O O O O O O O O O O O O O O O O O O O O O O O O O O O O O O O O O O O O O O O O O O O O O O O O O O O O O O O O O O O O O O O O O B-Disease O,1,TSD
NCBI_TEST_0490,"Furthermore , the precursor level of the W474C alpha - subunit was found to accumulate in comparison to the normal alpha - subunit precursor levels .",26,O O O O O O O O O O O O O O O O O O O O O O O O O O,0,
NCBI_TEST_0491,We conclude that the 1422 G - - > C mutation is the cause of Hex A enzyme deficiency in the proband .,23,O O O O O O O O O O O O O O O B-Disease I-Disease I-Disease I-Disease O O O O,1,Hex A enzyme deficiency
NCBI_TEST_0492,"The resulting W474C substitution clearly interferes with alpha - subunit processing , but because the base substitution falls at the first position of exon 13 , aberrant splicing may also contribute to Hex A deficiency in this proband . .",40,O O O O O O O O O O O O O O O O O O O O O O O O O O O O O O O O B-Disease I-Disease I-Disease O O O O O,1,Hex A deficiency
NCBI_TEST_0493,Two frequent missense mutations in Pendred syndrome .,8,O O O O O B-Disease I-Disease O,1,Pendred syndrome
NCBI_TEST_0494,Pendred syndrome is an autosomal recessive disorder characterized by early childhood deafness and goiter .,15,B-Disease I-Disease O O B-Disease I-Disease I-Disease O O O O B-Disease O B-Disease O,4,Pendred syndrome | autosomal recessive disorder | deafness | goiter
NCBI_TEST_0495,"A century after its recognition as a syndrome by Vaughan Pendred , the disease gene ( PDS ) was mapped to chromosome 7q22 - q31 .",26,O O O O O O O O O O O O O O O O O O O O O O O O O O,0,
NCBI_TEST_0496,"1 and , recently , found to encode a putative sulfate transporter .",13,O O O O O O O O O O O O O,0,
NCBI_TEST_0497,We performed mutation analysis of the PDS gene in patients from 14 Pendred families originating from seven countries and identified all mutations .,23,O O O O O O B-Disease O O O O O B-Disease O O O O O O O O O O,2,PDS | Pendred
NCBI_TEST_0498,"The mutations include three single base deletions , one splice site mutation and 10 missense mutations .",17,O O O O O O O O O O O O O O O O O,0,
NCBI_TEST_0499,One missense mutation ( L236P ) was found in a homozygous state in two consanguineous families and in a heterozygous state in five additional non - consanguineous families .,29,O O O O O O O O O O O O O O O O O O O O O O O O O O O O O,0,
NCBI_TEST_0500,Another missense mutation ( T416P ) was found in a homozygous state in one family and in a heterozygous state in four families .,24,O O O O O O O O O O O O O O O O O O O O O O O O,0,
NCBI_TEST_0501,Pendred patients in three non - consanguineous families were shown to be compound heterozygotes for L236P and T416P .,19,B-Disease O O O O O O O O O O O O O O O O O O,1,Pendred
NCBI_TEST_0502,"In total , one or both of these mutations were found in nine of the 14 families analyzed .",19,O O O O O O O O O O O O O O O O O O O,0,
NCBI_TEST_0503,The identification of two frequent PDS mutations will facilitate the molecular diagnosis of Pendred syndrome .,16,O O O O O B-Disease O O O O O O O B-Disease I-Disease O,2,PDS | Pendred syndrome
NCBI_TEST_0504,"Insertional mutation by transposable element , L1 , in the DMD gene results in X - linked dilated cardiomyopathy .",20,O O O O O O O O O O B-Disease O O O B-Disease I-Disease I-Disease I-Disease I-Disease O,2,DMD | X - linked dilated cardiomyopathy
NCBI_TEST_0505,X - linked dilated cardiomyopathy ( XLDCM ) is a clinical phenotype of dystrophinopathy which is characterized by preferential myocardial involvement without any overt clinical signs of skeletal myopathy .,30,B-Disease I-Disease I-Disease I-Disease I-Disease O B-Disease O O O O O O B-Disease O O O O O B-Disease I-Disease O O O O O O B-Disease I-Disease O,5,X - linked dilated cardiomyopathy | XLDCM | dystrophinopathy | myocardial involvement | skeletal myopathy
NCBI_TEST_0506,"To date , several mutations in the Duchenne muscular dystrophy gene , DMD , have been identified in patients with XLDCM , but a pathogenic correlation of these cardiospecific mutations in DMD with the XLDCM phenotype has remained to be elucidated .",42,O O O O O O O B-Disease I-Disease I-Disease O O O O O O O O O O B-Disease O O O O O O O O O O O O O B-Disease O O O O O O O,3,Duchenne muscular dystrophy | XLDCM | XLDCM
NCBI_TEST_0507,We report here the identification of a unique de novo L1 insertion in the muscle exon 1 in DMD in three XLDCM patients from two unrelated Japanese families .,29,O O O O O O O O O O O O O O O O O O O O O B-Disease O O O O O O O,1,XLDCM
NCBI_TEST_0508,"The insertion was a 5 - truncated form of human L1 inversely integrated in the 5 - untranslated region in the muscle exon 1 , which affected the transcription or the stability of the muscle form of dystrophin transcripts but not that of the brain or Purkinje cell form , probably due to its unique site of integration .",59,O O O O O O O O O O O O O O O O O O O O O O O O O O O O O O O O O O O O O O O O O O O O O O O O O O O O O O O O O O O,0,
NCBI_TEST_0509,We speculate that this insertion of an L1 sequence in DMD is responsible for some of the population of Japanese patients with XLDCM . .,25,O O O O O O O O O O O O O O O O O O O O O O B-Disease O O,1,XLDCM
NCBI_TEST_0510,"Severe early - onset obesity , adrenal insufficiency and red hair pigmentation caused by POMC mutations in humans .",19,O O O O B-Disease O B-Disease I-Disease O O O O O O O O O O O,2,obesity | adrenal insufficiency
NCBI_TEST_0511,"Sequential cleavage of the precursor protein pre - pro - opiomelanocortin ( POMC ) generates the melanocortin peptides adrenocorticotrophin ( ACTH ) , melanocyte - stimulating hormones ( MSH ) alpha , beta and gamma as well as the opioid - receptor ligand beta - endorphin .",47,O O O O O O O O O O O O O O O O O O O O O O O O O O O O O O O O O O O O O O O O O O O O O O O,0,
NCBI_TEST_0512,"While a few cases of isolated ACTH deficiency have been reported ( OMIM 201400 ) , an inherited POMC defect has not been described so far .",27,O O O O O O B-Disease I-Disease O O O O O O O O O O O O O O O O O O O,1,ACTH deficiency
NCBI_TEST_0513,"Recent studies in animal models elucidated a central role of alpha - MSH in the regulation of food intake by activation of the brain melanocortin - 4 - receptor ( MC4 - R ; refs 3 - 5 ) and the linkage of human obesity to chromosome 2 in close proximity to the POMC locus , led to the proposal of an association of POMC with human obesity .",69,O O O O O O O O O O O O O O O O O O O O O O O O O O O O O O O O O O O O O O O O O O O O B-Disease O O O O O O O O O O O O O O O O O O O O O O B-Disease O,2,obesity | obesity
NCBI_TEST_0514,"The dual role of alpha - MSH in regulating food intake and influencing hair pigmentation predicts that the phenotype associated with a defect in POMC function would include obesity , alteration in pigmentation and ACTH deficiency .",37,O O O O O O O O O O O O O O O O O O O O O O O O O O O O B-Disease O O O O O B-Disease I-Disease O,2,obesity | ACTH deficiency
NCBI_TEST_0515,The observation of these symptoms in two probands prompted us to search for mutations within their POMC genes .,19,O O O O O O O O O O O O O O O O O O O,0,
NCBI_TEST_0516,"Patient 1 was found to be a compound heterozygote for two mutations in exon 3 ( G7013T , C7133delta ) which interfere with appropriate synthesis of ACTH and alpha - MSH .",32,O O O O O O O O O O O O O O O O O O O O O O O O O O O O O O O O,0,
NCBI_TEST_0517,Patient 2 was homozygous for a mutation in exon 2 ( C3804A ) which abolishes POMC translation .,18,O O O O O O O O O O O O O O O O O O,0,
NCBI_TEST_0518,"These findings represent the first examples of a genetic defect within the POMC gene and define a new monogenic endocrine disorder resulting in early - onset obesity , adrenal insufficiency and red hair pigmentation . .",36,O O O O O O O O B-Disease I-Disease O O O O O O O O B-Disease I-Disease I-Disease O O O O O B-Disease O B-Disease I-Disease O O O O O O,4,genetic defect | monogenic endocrine disorder | obesity | adrenal insufficiency
NCBI_TEST_0519,A European multicenter study of phenylalanine hydroxylase deficiency : classification of 105 mutations and a general system for genotype - based prediction of metabolic phenotype .,26,O O O O O B-Disease I-Disease I-Disease O O O O O O O O O O O O O O O O O O,1,phenylalanine hydroxylase deficiency
NCBI_TEST_0520,Phenylketonuria ( PKU ) and mild hyperphenylalaninemia ( MHP ) are allelic disorders caused by mutations in the gene encoding phenylalanine hydroxylase ( PAH ) .,26,B-Disease O B-Disease O O B-Disease I-Disease O B-Disease O O B-Disease I-Disease O O O O O O O O O O O O O,5,Phenylketonuria | PKU | mild hyperphenylalaninemia | MHP | allelic disorders
NCBI_TEST_0521,Previous studies have suggested that the highly variable metabolic phenotypes of PAH deficiency correlate with PAH genotypes .,18,O O O O O O O O O O O B-Disease I-Disease O O O O O,1,PAH deficiency
NCBI_TEST_0522,We identified both causative mutations in 686 patients from seven European centers .,13,O O O O O O O O O O O O O,0,
NCBI_TEST_0523,"On the basis of the phenotypic characteristics of 297 functionally hemizygous patients , 105 of the mutations were assigned to one of four arbitrary phenotype categories .",27,O O O O O O O O O O O O O O O O O O O O O O O O O O O,0,
NCBI_TEST_0524,We proposed and tested a simple model for correlation between genotype and phenotypic outcome .,15,O O O O O O O O O O O O O O O,0,
NCBI_TEST_0525,"The observed phenotype matched the predicted phenotype in 79 % of the cases , and in only 5 of 184 patients was the observed phenotype more than one category away from that expected .",34,O O O O O O O O O O O O O O O O O O O O O O O O O O O O O O O O O O,0,
NCBI_TEST_0526,"Among the seven contributing centers , the proportion of patients for whom the observed phenotype did not match the predicted phenotype was 4 % - 23 % ( P < . 0001 ) , suggesting that differences in methods used for mutation detection or phenotype classification may account for a considerable proportion of genotype - phenotype inconsistencies .",58,O O O O O O O O O O O O O O O O O O O O O O O O O O O O O O O O O O O O O O O O O O O O O O O O O O O O O O O O O O,0,
NCBI_TEST_0527,Our data indicate that the PAH - mutation genotype is the main determinant of metabolic phenotype in most patients with PAH deficiency .,23,O O O O O O O O O O O O O O O O O O O O B-Disease I-Disease O,1,PAH deficiency
NCBI_TEST_0528,"In the present study , the classification of 105 PAH mutations may allow the prediction of the biochemical phenotype in > 10 , 000 genotypes , which may be useful for the management of hyperphenylalaninemia in newborns .",38,O O O O O O O O O O O O O O O O O O O O O O O O O O O O O O O O O O B-Disease O O O,1,hyperphenylalaninemia
NCBI_TEST_0529,Somatic instability of the CTG repeat in mice transgenic for the myotonic dystrophy region is age dependent but not correlated to the relative intertissue transcription levels and proliferative capacities .,30,O O O O O O O O O O O B-Disease I-Disease O O O O O O O O O O O O O O O O O,1,myotonic dystrophy
NCBI_TEST_0530,A ( CTG ) nexpansion in the 3 - untranslated region ( UTR ) of the DM protein kinase gene ( DMPK ) is responsible for causing myotonic dystrophy ( DM ) .,33,O O O O O O O O O O O O O O O O O O O O O O O O O O O B-Disease I-Disease O B-Disease O O,2,myotonic dystrophy | DM
NCBI_TEST_0531,"Major instability , with very large expansions between generations and high levels of somatic mosaicism , is observed in patients .",21,O O O O O O O O O O O O O O O O O O O O O,0,
NCBI_TEST_0532,"There is a good correlation between repeat size ( at least in leucocytes ) , clinical severity and age of onset .",22,O O O O O O O O O O O O O O O O O O O O O O,0,
NCBI_TEST_0533,The trinucleotide repeat instability mechanisms involved in DM and other human genetic diseases are unknown .,16,O O O O O O O B-Disease O O O B-Disease I-Disease O O O,2,DM | genetic diseases
NCBI_TEST_0534,"We studied somatic instability by measuring the CTG repeat length at several ages in various tissues of transgenic mice carrying a ( CTG ) 55expansion surrounded by 45 kb of the human DM region , using small - pool PCR .",41,O O O O O O O O O O O O O O O O O O O O O O O O O O O O O O O O B-Disease O O O O O O O O,1,DM
NCBI_TEST_0535,These mice have been shown to reproduce the intergenerational and somatic instability of the 55 CTG repeat suggesting that surrounding sequences and the chromatin environment are involved in instability mechanisms .,31,O O O O O O O O O O O O O O O O O O O O O O O O O O O O O O O,0,
NCBI_TEST_0536,"As observed in some of the tissues of DM patients , there is a tendency for repeat length and somatic mosaicism to increase with the age of the mouse .",30,O O O O O O O O B-Disease O O O O O O O O O O O O O O O O O O O O O,1,DM
NCBI_TEST_0537,"Furthermore , we observed no correlation between the somatic mutation rate and tissue proliferation capacity .",16,O O O O O O O O O O O O O O O O,0,
NCBI_TEST_0538,"The somatic mutation rates in different tissues were also not correlated to the relative inter - tissue difference in transcriptional levels of the three genes ( DMAHP , DMPK and 59 ) surrounding the repeat . .",37,O O O O O O O O O O O O O O O O O O O O O O O O O O O O O O O O O O O O O,0,
NCBI_TEST_0539,A novel missense mutation in patients from a retinoblastoma pedigree showing only mild expression of the tumor phenotype .,19,O O O O O O O O B-Disease O O O O O O O B-Disease O O,2,retinoblastoma | tumor
NCBI_TEST_0540,We have used single strand conformation polymorphism analysis to study the 27 exons of the RB1 gene in individuals from a family showing mild expression of the retinoblastoma phenotype .,30,O O O O O O O O O O O O O O O O O O O O O O O O O O O B-Disease O O,1,retinoblastoma
NCBI_TEST_0541,"In this family affected individuals developed unilateral tumors and , as a result of linkage analysis , unaffected mutation carriers were also identified within the pedigree .",27,O O O O O O B-Disease I-Disease O O O O O O O O O O O O O O O O O O O,1,unilateral tumors
NCBI_TEST_0542,A single band shift using SSCP was identified in exon 21 which resulted in a missense mutation converting a cys - - > arg at nucleotide position 28 in the exon .,32,O O O O O O O O O O O O O O O O O O O O O O O O O O O O O O O O,0,
NCBI_TEST_0543,The mutation destroyed an NdeI restriction enzyme site .,9,O O O O O O O O O,0,
NCBI_TEST_0544,"Analysis of all family members demonstrated that the missense mutation co - segregated with patients with tumors or who , as a result of linkage analysis had been predicted to carry the predisposing mutation .",35,O O O O O O O O O O O O O O O O B-Disease O O O O O O O O O O O O O O O O O O,1,tumors
NCBI_TEST_0545,These observations point to another region of the RB1 gene where mutations only modify the function of the gene and raise important questions for genetic counseling in families with these distinctive phenotypes . .,34,O O O O O O O O O O O O O O O O O O O O O O O O O O O O O O O O O O,0,
NCBI_TEST_0546,Maternal disomy and Prader - Willi syndrome consistent with gamete complementation in a case of familial translocation ( 3 ; 15 ) ( p25 ; q11 . 2 ) .,30,B-Disease I-Disease O B-Disease I-Disease I-Disease I-Disease O O O O O O O O O O O O O O O O O O O O O O O,2,Maternal disomy | Prader - Willi syndrome
NCBI_TEST_0547,Maternal uniparental disomy ( UPD ) for chromosome 15 is responsible for an estimated 30 % of cases of Prader - Willi syndrome ( PWS ) .,27,B-Disease I-Disease I-Disease I-Disease I-Disease I-Disease I-Disease I-Disease I-Disease O O O O O O O O O O B-Disease I-Disease I-Disease I-Disease O B-Disease O O,3,Maternal uniparental disomy ( UPD ) for chromosome 15 | Prader - Willi syndrome | PWS
NCBI_TEST_0548,We report on an unusual case of maternal disomy 15 in PWS that is most consistent with adjacent - 1 segregation of a paternal t ( 3 ; 15 ) ( p25 ; q11 . 2 ) with simultaneous maternal meiotic nondisjunction for chromosome 15 .,46,O O O O O O O B-Disease I-Disease I-Disease O B-Disease O O O O O O O O O O O O O O O O O O O O O O O O O O O O O O O O O O,2,maternal disomy 15 | PWS
NCBI_TEST_0549,"The patient ( J . B . ) , a 17 - year - old white male with PWS , was found to have 47 chromosomes with a supernumerary , paternal der ( 15 ) consisting of the short arm and the proximal long arm of chromosome 15 , and distal chromosome arm 3p .",55,O O O O O O O O O O O O O O O O O O B-Disease O O O O O O O O O O O O O O O O O O O O O O O O O O O O O O O O O O O O,1,PWS
NCBI_TEST_0550,The t ( 3 ; 15 ) was present in the balanced state in the patients father and a sister .,21,O O O O O O O O O O O O O O O O O O O O O,0,
NCBI_TEST_0551,Fluorescent in situ hybridization analysis demonstrated that the PWS critical region resided on the derivative chromosome 3 and that there was no deletion of the PWS region on the normal pair of 15s present in J .,37,O O O O O O O O B-Disease O O O O O O O O O O O O O O O O B-Disease O O O O O O O O O O O,2,PWS | PWS
NCBI_TEST_0552,B .,2,O O,0,
NCBI_TEST_0553,Methylation analysis at exon alpha of the small nuclear ribonucleoprotein - associated polypeptide N ( SNRPN ) gene showed a pattern characteristic of only the maternal chromosome 15 in J .,31,O O O O O O O O O O O O O O O O O O O O O O O O O O O O O O O,0,
NCBI_TEST_0554,B .,2,O O,0,
NCBI_TEST_0555,Maternal disomy was confirmed by polymerase chain reaction analysis of microsatellite repeats at the gamma - aminobutyric acid receptor beta3 subunit ( GABRB3 ) locus .,26,B-Disease I-Disease O O O O O O O O O O O O O O O O O O O O O O O O,1,Maternal disomy
NCBI_TEST_0556,A niece ( B . B . ) with 45 chromosomes and the derivative 3 but without the der ( 15 ) demonstrated a phenotype consistent with that reported for haploinsufficiency of distal 3 p .,36,O O O O O O O O O O O O O O O O O O O O O O O O O O O O O O O O O O O O,0,
NCBI_TEST_0557,"Uniparental disomy associated with unbalanced segregation of non - Robertsonian translocations has been reported previously but has not , to our knowledge , been observed in a case of PWS .",31,B-Disease I-Disease O O O O O O O O O O O O O O O O O O O O O O O O O O O B-Disease O,2,Uniparental disomy | PWS
NCBI_TEST_0558,"Furthermore , our findings are best interpreted as true gamete complementation resulting in maternal UPD 15 and PWS",18,O O O O O O O O O O O O O B-Disease I-Disease I-Disease O B-Disease,2,maternal UPD 15 | PWS
NCBI_TEST_0559,"Schwartz - Jampel syndrome type 2 and Stuve - Wiedemann syndrome : a case for "" lumping "" .",19,B-Disease I-Disease I-Disease I-Disease I-Disease I-Disease O B-Disease I-Disease I-Disease I-Disease O O O O O O O O,2,Schwartz - Jampel syndrome type 2 | Stuve - Wiedemann syndrome
NCBI_TEST_0560,"Recent studies demonstrated the existence of a genetically distinct , usually lethal form of the Schwartz - Jampel syndrome ( SJS ) of myotonia and skeletal dysplasia , which we called SJS type 2 .",35,O O O O O O O O O O O O O O O B-Disease I-Disease I-Disease I-Disease O B-Disease O O B-Disease O B-Disease I-Disease O O O O B-Disease I-Disease I-Disease O,5,Schwartz - Jampel syndrome | SJS | myotonia | skeletal dysplasia | SJS type 2
NCBI_TEST_0561,"This disorder is reminiscent of another rare condition , the Stuve - Wiedemann syndrome ( SWS ) , which comprises campomelia at birth with skeletal dysplasia , contractures , and early death .",33,O O O O O O O O O O B-Disease I-Disease I-Disease I-Disease O B-Disease O O O O B-Disease O O O B-Disease I-Disease O B-Disease O O B-Disease I-Disease O,6,Stuve - Wiedemann syndrome | SWS | campomelia | skeletal dysplasia | contractures | early death
NCBI_TEST_0562,"To test for possible nosologic identity between these disorders , we reviewed the literature and obtained a follow - up of the only two surviving patients , one with SJS type 2 at age 10 years and another with SWS at age 7 years .",45,O O O O O O O O O O O O O O O O O O O O O O O O O O O O O B-Disease I-Disease I-Disease O O O O O O O B-Disease O O O O O,2,SJS type 2 | SWS
NCBI_TEST_0563,"Patients reported as having either neonatal SJS or SWS presented a combination of a severe , prenatal - onset neuromuscular disorder ( with congenital joint contractures , respiratory and feeding difficulties , tendency to hyperthermia , and frequent death in infancy ) with a distinct campomelic - metaphyseal skeletal dysplasia .",51,O O O O O O B-Disease O B-Disease O O O O O O O O O O B-Disease I-Disease O O B-Disease I-Disease I-Disease O O O O O O O O B-Disease O O O O O O O O O O B-Disease I-Disease I-Disease I-Disease I-Disease O,6,SJS | SWS | neuromuscular disorder | congenital joint contractures | hyperthermia | campomelic - metaphyseal skeletal dysplasia
NCBI_TEST_0564,The similarity of the clinical and radiographic findings is so extensive that these disorders appear to be a single entity .,21,O O O O O O O O O O O O O O O O O O O O O,0,
NCBI_TEST_0565,"The follow - up observation of an identical and unique pattern of progressive bone dysplasia in the two patients ( one with SJS type 2 , one with SWS ) surviving beyond infancy adds to the evidence in favor of identity .",42,O O O O O O O O O O O O O B-Disease I-Disease O O O O O O O B-Disease I-Disease I-Disease O O O B-Disease O O O O O O O O O O O O O,3,bone dysplasia | SJS type 2 | SWS
NCBI_TEST_0566,The hypothesis that SWS and SJS type 2 are the same disorder should be testable by molecular methods . .,20,O O O B-Disease O B-Disease I-Disease I-Disease O O O O O O O O O O O O,2,SWS | SJS type 2
NCBI_TEST_0567,A mouse model of severe von Willebrand disease : defects in hemostasis and thrombosis .,15,O O O O O B-Disease I-Disease I-Disease O O O O O B-Disease O,2,von Willebrand disease | thrombosis
NCBI_TEST_0568,von Willebrand factor ( vWf ) deficiency causes severe von Willebrand disease in humans .,15,B-Disease I-Disease I-Disease I-Disease I-Disease I-Disease I-Disease O O B-Disease I-Disease I-Disease O O O,2,von Willebrand factor ( vWf ) deficiency | von Willebrand disease
NCBI_TEST_0569,We generated a mouse model for this disease by using gene targeting .,13,O O O O O O O O O O O O O,0,
NCBI_TEST_0570,vWf - deficient mice appeared normal at birth ; they were viable and fertile .,15,B-Disease I-Disease I-Disease O O O O O O O O O O O O,1,vWf - deficient
NCBI_TEST_0571,"Neither vWf nor vWf propolypeptide ( von Willebrand antigen II ) were detectable in plasma , platelets , or endothelial cells of the homozygous mutant mice .",27,O O O O O O B-Disease I-Disease O O O O O O O O O O O O O O O O O O O,1,von Willebrand
NCBI_TEST_0572,The mutant mice exhibited defects in hemostasis with a highly prolonged bleeding time and spontaneous bleeding events in approximately 10 % of neonates .,24,O O O O O O O O O O O O O O O O O O O O O O O O,0,
NCBI_TEST_0573,"As in the human disease , the factor VIII level in these mice was reduced strongly as a result of the lack of protection provided by vWf .",28,O O O O O O O O O O O O O O O O O O O O O O O O O O O O,0,
NCBI_TEST_0574,Defective thrombosis in mutant mice was also evident in an in vivo model of vascular injury .,17,O B-Disease O O O O O O O O O O O O B-Disease I-Disease O,2,thrombosis | vascular injury
NCBI_TEST_0575,"In this model , the exteriorized mesentery was superfused with ferric chloride and the accumulation of fluorescently labeled platelets was observed by intravital microscopy .",25,O O O O O O O O O O O O O O O O O O O O O O O O O,0,
NCBI_TEST_0576,We conclude that these mice very closely mimic severe human von Willebrand disease and will be very useful for investigating the role of vWf in normal physiology and in disease models . .,33,O O O O O O O O O O B-Disease I-Disease I-Disease O O O O O O O O O O O O O O O O O O O O,1,von Willebrand disease
NCBI_TEST_0577,Oral contraceptives and the risk of hereditary ovarian cancer .,10,O O O O O O B-Disease I-Disease I-Disease O,1,hereditary ovarian cancer
NCBI_TEST_0578,Hereditary Ovarian Cancer Clinical Study Group .,7,B-Disease I-Disease I-Disease O O O O,1,Hereditary Ovarian Cancer
NCBI_TEST_0579,BACKGROUND Women with mutations in either the BRCA1 or the BRCA2 gene have a high lifetime risk of ovarian cancer .,21,O O O O O O O O O O O O O O O O O O B-Disease I-Disease O,1,ovarian cancer
NCBI_TEST_0580,"Oral contraceptives protect against ovarian cancer in general , but it is not known whether they also protect against hereditary forms of ovarian cancer .",25,O O O O B-Disease I-Disease O O O O O O O O O O O O O B-Disease I-Disease I-Disease I-Disease I-Disease O,2,ovarian cancer | hereditary forms of ovarian cancer
NCBI_TEST_0581,METHODS We enrolled 207 women with hereditary ovarian cancer and 161 of their sisters as controls in a case - control study .,23,O O O O O O B-Disease I-Disease I-Disease O O O O O O O O O O O O O O,1,hereditary ovarian cancer
NCBI_TEST_0582,All the patients carried a pathogenic mutation in either BRCA1 ( 179 women ) or BRCA2 ( 28 women ) .,21,O O O O O O O O O O O O O O O O O O O O O,0,
NCBI_TEST_0583,The control women were enrolled regardless of whether or not they had either mutation .,15,O O O O O O O O O O O O O O O,0,
NCBI_TEST_0584,"Lifetime histories of oral - contraceptive use were obtained by interview or by written questionnaire and were compared between patients and control women , after adjustment for year of birth and parity .",33,O O O O O O O O O O O O O O O O O O O O O O O O O O O O O O O O O,0,
NCBI_TEST_0585,RESULTS The adjusted odds ratio for ovarian cancer associated with any past use of oral contraceptives was 0 .,19,O O O O O O B-Disease I-Disease O O O O O O O O O O O,1,ovarian cancer
NCBI_TEST_0586,"5 ( 95 percent confidence interval , 0 . 3 to 0 . 8 ) .",16,O O O O O O O O O O O O O O O O,0,
NCBI_TEST_0587,"The risk decreased with increasing duration of use ( P for trend , < 0 . 001 ) ; use for six or more years was associated with a 60 percent reduction in risk .",35,O O O O O O O O O O O O O O O O O O O O O O O O O O O O O O O O O O O,0,
NCBI_TEST_0588,"Oral - contraceptive use protected against ovarian cancer both for carriers of the BRCA1 mutation ( odds ratio , 0 . 5 ; 95 percent confidence interval , 0 . 3 to 0 . 9 ) and for carriers of the BRCA2 mutation ( odds ratio , 0 . 4 ; 95 percent confidence interval , 0 . 2 to 1 . 1 ) .",65,O O O O O O B-Disease I-Disease O O O O O O O O O O O O O O O O O O O O O O O O O O O O O O O O O O O O O O O O O O O O O O O O O O O O O O O O O,1,ovarian cancer
NCBI_TEST_0589,CONCLUSIONS Oral - contraceptive use may reduce the risk of ovarian cancer in women with pathogenic mutations in the BRCA1 or BRCA2 gene,23,O O O O O O O O O O B-Disease I-Disease O O O O O O O O O O O,1,ovarian cancer
NCBI_TEST_0590,"A Japanese family with adrenoleukodystrophy with a codon 291 deletion : a clinical , biochemical , pathological , and genetic report .",22,O O O O B-Disease O O O O O O O O O O O O O O O O O,1,adrenoleukodystrophy
NCBI_TEST_0591,We report a Japanese family with adrenoleukodystrophy ( ALD ) with a three base pair deletion ( delGAG 291 ) in the ALD gene .,25,O O O O O O B-Disease O B-Disease O O O O O O O O O O O O O B-Disease O O,3,adrenoleukodystrophy | ALD | ALD
NCBI_TEST_0592,A variety of phenotypes were observed within this family .,10,O O O O O O O O O O,0,
NCBI_TEST_0593,"While the proband ( patient 1 ) was classified as having a rare intermediate type of adult cerebral and cerebello - brain stem forms , his younger brother ( patient 2 ) and nephew ( patient 3 ) had a childhood ALD type .",44,O O O O O O O O O O O O O O O O O O O O O O O O O O O O O O O O O O O O O O O O O B-Disease O O,1,ALD
NCBI_TEST_0594,Another nephew ( patient 4 ) of patient 1 was classified as having an adolescent form .,17,O O O O O O O O O O O O O O O O O,0,
NCBI_TEST_0595,The tau level in the cerebrospinal fluid ( CSF ) in patient 1 was as high as that of patients with Alzheimers disease ( AD ) .,27,O O O O O O O O O O O O O O O O O O O O O B-Disease I-Disease O B-Disease O O,2,Alzheimers disease | AD
NCBI_TEST_0596,"His brain magnetic resonance image ( MRI ) showed abnormalities in the bilateral cerebellar hemispheres and brain stem , but not in the cerebral white matter , where marked reductions of the cerebral blood flow and oxygen metabolism were clearly demonstrated by positron emission tomography ( PET ) .",49,O O O O O O O O O B-Disease I-Disease I-Disease I-Disease I-Disease I-Disease O O O O O O O O O O O O O O O O O O O O O O O O O O O O O O O O O O,1,abnormalities in the bilateral cerebellar hemispheres
NCBI_TEST_0597,"In patients 2 and 3 , the autopsy findings showed massive demyelination of the cerebral white matter with sparing of the U - fibers , compatible with the findings of childhood ALD .",33,O O O O O O O O O O O B-Disease I-Disease I-Disease I-Disease I-Disease I-Disease O O O O O O O O O O O O O O B-Disease O,2,demyelination of the cerebral white matter | ALD
NCBI_TEST_0598,"Oleic and erucic acids ( Lorenzos Oil ) were administered to patients 1 and 4 , but sufficient effectiveness was not obtained .",23,O O O O O O O O O O O O O O O O O O O O O O O,0,
NCBI_TEST_0599,The findings in this family suggest that delGAG291 is part of the cause of Japanese ALD with phenotypic variations .,20,O O O O O O O O O O O O O O O B-Disease O O O O,1,ALD
NCBI_TEST_0600,"Moreover , although the scale of the study is limited , there is a possibility that PET can detect an insidious lesion which is undetectable by computed tomogram ( CT ) or MRI analysis , and that the higher level of tau reflects the process of neuronal degeneration in ALD .",51,O O O O O O O O O O O O O O O O O O O O B-Disease I-Disease O O O O O O O O O O O O O O O O O O O O O O O O B-Disease I-Disease O B-Disease O,3,insidious lesion | neuronal degeneration | ALD
NCBI_TEST_0601,Lorenzos Oil should be given in the early stage . .,11,O O O O O O O O O O O,0,
NCBI_TEST_0602,Nonsense mutation in exon 4 of human complement C9 gene is the major cause of Japanese complement C9 deficiency .,20,O O O O O O O O O O O O O O O O B-Disease I-Disease I-Disease O,1,complement C9 deficiency
NCBI_TEST_0603,Deficiency of the ninth component of human complement ( C9 ) is the most common complement deficiency in Japan but is rare in other countries .,26,B-Disease I-Disease I-Disease I-Disease I-Disease I-Disease I-Disease I-Disease O O O O O O O B-Disease I-Disease O O O O O O O O O,2,Deficiency of the ninth component of human complement | complement deficiency
NCBI_TEST_0604,We studied the molecular basis of C9 deficiency in four Japanese C9 - deficient patients who had suffered from meningococcal meningitis .,22,O O O O O O B-Disease I-Disease O O O B-Disease I-Disease I-Disease O O O O O B-Disease I-Disease O,3,C9 deficiency | C9 - deficient | meningococcal meningitis
NCBI_TEST_0605,Direct sequencing of amplified C9 cDNA and DNA revealed a nonsense substitution ( CGA - - > TGA ) at codon 95 in exon 4 in the four C9 - deficient individuals .,33,O O O O O O O O O O O O O O O O O O O O O O O O O O O O B-Disease I-Disease I-Disease O O,1,C9 - deficient
NCBI_TEST_0606,An allele - specific polymerase chain reaction system designed to detect exclusively only one of the normal and mutant alleles indicated that all the four patients were homozygous for the mutation in exon 4 and that the parents of patient 2 were heterozygous .,44,O O O O O O O O O O O O O O O O O O O O O O O O O O O O O O O O O O O O O O O O O O O O,0,
NCBI_TEST_0607,The common mutation at codon 95 in exon 4 might be responsible for most Japanese C9 deficiency . .,19,O O O O O O O O O O O O O O O B-Disease I-Disease O O,1,C9 deficiency
NCBI_TEST_0608,BRCA1 required for transcription - coupled repair of oxidative DNA damage .,12,O O O O O O O O O O O O,0,
NCBI_TEST_0609,The breast and ovarian cancer susceptibility gene BRCA1 encodes a zinc finger protein of unknown function .,17,O B-Disease I-Disease I-Disease I-Disease O O O O O O O O O O O O,1,breast and ovarian cancer
NCBI_TEST_0610,Association of the BRCA1 protein with the DNA repair protein Rad51 and changes in the phosphorylation and cellular localization of the protein after exposure to DNA - damaging agents are consistent with a role for BRCA1 in DNA repair .,40,O O O O O O O O O O O O O O O O O O O O O O O O O O O O O O O O O O O O O O O O,0,
NCBI_TEST_0611,"Here , it is shown that mouse embryonic stem cells deficient in BRCA1 are defective in the ability to carry out transcription - coupled repair of oxidative DNA damage , and are hypersensitive to ionizing radiation and hydrogen peroxide .",40,O O O O O O O O O O B-Disease I-Disease I-Disease O O O O O O O O O O O O O O O O O O O O O O O O O O O,1,deficient in BRCA1
NCBI_TEST_0612,"These results suggest that BRCA1 participates , directly or indirectly , in transcription - coupled repair of oxidative DNA damage . .",22,O O O O O O O O O O O O O O O O O O O O O O,0,
NCBI_TEST_0613,Truncation mutations in the transactivation region of PAX6 result in dominant - negative mutants .,15,O O O O O O O O O O O O O O O,0,
NCBI_TEST_0614,PAX6 is a transcription factor with two DNA - binding domains ( paired box and homeobox ) and a proline - serine - threonine ( PST ) - rich transactivation domain .,32,O O O O O O O O O O O O O O O O O O O O O O O O O O O O O O O O,0,
NCBI_TEST_0615,PAX6 regulates eye development in animals ranging from jellyfish to Drosophila to humans .,14,O O O O O O O O O O O O O O,0,
NCBI_TEST_0616,"Heterozygous mutations in the human PAX6 gene result in various phenotypes , including aniridia , Peters anomaly , autosomal dominant keratitis , and familial foveal dysplasia .",27,O O O O O O O O O O O O O B-Disease O B-Disease I-Disease O B-Disease I-Disease I-Disease O O B-Disease I-Disease I-Disease O,4,aniridia | Peters anomaly | autosomal dominant keratitis | familial foveal dysplasia
NCBI_TEST_0617,It is believed that the mutated allele of PAX6 produces an inactive protein and aniridia is caused due to genetic haploinsufficiency .,22,O O O O O O O O O O O O O O B-Disease O O O O O O O,1,aniridia
NCBI_TEST_0618,"However , several truncation mutations have been found to occur in the C - terminal half of PAX6 in patients with Aniridia resulting in mutant proteins that retain the DNA - binding domains but have lost most of the transactivation domain .",42,O O O O O O O O O O O O O O O O O O O O O B-Disease O O O O O O O O O O O O O O O O O O O O,1,Aniridia
NCBI_TEST_0619,It is not clear whether such mutants really behave as loss - of - function mutants as predicted by haploinsufficiency .,21,O O O O O O O O O O O O O O O O O O O O O,0,
NCBI_TEST_0620,"Contrary to this theory , our data showed that these mutants are dominant - negative in transient transfection assays when they are coexpressed with wild - type PAX6 .",29,O O O O O O O O O O O O O O O O O O O O O O O O O O O O O,0,
NCBI_TEST_0621,We found that the dominant - negative effects result from the enhanced DNA binding ability of these mutants .,19,O O O O O O O O O O O O O O O O O O O,0,
NCBI_TEST_0622,Kinetic studies of binding and dissociation revealed that various truncation mutants have 3 - 5 - fold higher affinity to various DNA - binding sites when compared with the wild - type PAX6 .,34,O O O O O O O O O O O O O O O O O O O O O O O O O O O O O O O O O O,0,
NCBI_TEST_0623,These results provide a new insight into the role of mutant PAX6 in causing aniridia . .,17,O O O O O O O O O O O O O O B-Disease O O,1,aniridia
NCBI_TEST_0624,Reversal of severe hypertrophic cardiomyopathy and excellent neuropsychologic outcome in very - long - chain acyl - coenzyme A dehydrogenase deficiency .,22,O O O B-Disease I-Disease O O O O O B-Disease I-Disease I-Disease I-Disease I-Disease I-Disease I-Disease I-Disease I-Disease I-Disease I-Disease O,2,hypertrophic cardiomyopathy | very - long - chain acyl - coenzyme A dehydrogenase deficiency
NCBI_TEST_0625,Very - long - chain acyl - coenzyme A dehydrogenase ( VLCAD ) deficiency is a disorder of fatty acid beta oxidation that reportedly has high rates of morbidity and mortality .,32,B-Disease I-Disease I-Disease I-Disease I-Disease I-Disease I-Disease I-Disease I-Disease I-Disease I-Disease I-Disease I-Disease I-Disease O O O O O O O O O O O O O O O O O O,1,Very - long - chain acyl - coenzyme A dehydrogenase ( VLCAD ) deficiency
NCBI_TEST_0626,"We describe the outcome of a 5 - year - old girl with VLCAD deficiency who was first seen at 5 months of age with severe hypertrophic cardiomyopathy , hepatomegaly , encephalopathy , and hypotonia .",36,O O O O O O O O O O O O O B-Disease I-Disease O O O O O O O O O O O B-Disease I-Disease O B-Disease O B-Disease O O B-Disease O,5,VLCAD deficiency | hypertrophic cardiomyopathy | hepatomegaly | encephalopathy | hypotonia
NCBI_TEST_0627,Biochemical studies indicated VLCAD deficiency caused by a stable yet inactive enzyme .,13,O O O B-Disease I-Disease O O O O O O O O,1,VLCAD deficiency
NCBI_TEST_0628,Molecular genetic analysis of her VLCAD gene revealed a T1372C ( F458L ) missense mutation and a 1668 ACAG 1669 splice site mutation .,24,O O O O O O O O O O O O O O O O O O O O O O O O,0,
NCBI_TEST_0629,"After initial treatment with intravenous glucose and carnitine , the patient has thrived on a low - fat diet supplemented with medium - chain triglyceride oil and carnitine and avoidance of fasting .",33,O O O O O O O O O O O O O O O O O O O O O O O O O O O O O O O O O,0,
NCBI_TEST_0630,"Her ventricular hypertrophy resolved significantly over 1 year , and cognitively , she is in the superior range for age .",21,O O O O O O O O O O O O O O O O O O O O O,0,
NCBI_TEST_0631,Clinical recognition of VLCAD deficiency is important because it is one of the few directly treatable causes of cardiomyopathy in children . .,23,O O O B-Disease I-Disease O O O O O O O O O O O O O B-Disease O O O O,2,VLCAD deficiency | cardiomyopathy
NCBI_TEST_0632,Cloning of a novel member of the low - density lipoprotein receptor family .,14,O O O O O O O O O O O O O O,0,
NCBI_TEST_0633,A gene encoding a novel transmembrane protein was identified by DNA sequence analysis within the insulin - dependent diabetes mellitus ( IDDM ) locus IDDM4 on chromosome 11q13 .,29,O O O O O O O O O O O O O O O B-Disease I-Disease I-Disease I-Disease I-Disease O B-Disease O O O O O O O,2,insulin - dependent diabetes mellitus | IDDM
NCBI_TEST_0634,"Based on its chromosomal position , this gene is a candidate for conferring susceptibility to diabetes .",17,O O O O O O O O O O O O O O O B-Disease O,1,diabetes
NCBI_TEST_0635,"The gene , termed low - density lipoprotein receptor related protein 5 ( LRP5 ) , encodes a protein of 1615 amino acids that contains conserved modules which are characteristic of the low - density lipoprotein ( LDL ) receptor family .",42,O O O O O O O O O O O O O O O O O O O O O O O O O O O O O O O O O O O O O O O O O O,0,
NCBI_TEST_0636,"These modules include a putative signal peptide for protein export , four epidermal growth factor ( EGF ) repeats with associated spacer domains , three LDL - receptor ( LDLR ) repeats , a single transmembrane spanning domain , and a cytoplasmic domain .",44,O O O O O O O O O O O O O O O O O O O O O O O O O O O O O O O O O O O O O O O O O O O O,0,
NCBI_TEST_0637,"The encoded protein has a unique organization of EGF and LDLR repeats ; therefore , LRP5 likely represents a new category of the LDLR family .",26,O O O O O O O O O O O O O O O O O O O O O O O O O O,0,
NCBI_TEST_0638,"Both human and mouse LRP5 cDNAs have been isolated and the encoded mature proteins are 95 % identical , indicating a high degree of evolutionary conservation . .",28,O O O O O O O O O O O O O O O O O O O O O O O O O O O O,0,
NCBI_TEST_0639,"The APC variants I1307K and E1317Q are associated with colorectal tumors , but not always with a family history .",20,O B-Disease O O O O O O O B-Disease I-Disease O O O O O O O O O,2,APC | colorectal tumors
NCBI_TEST_0640,Classical familial adenomatous polyposis ( FAP ) is a high - penetrance autosomal dominant disease that predisposes to hundreds or thousands of colorectal adenomas and carcinoma and that results from truncating mutations in the APC gene .,37,O B-Disease I-Disease I-Disease O B-Disease O O O O O O B-Disease I-Disease I-Disease O O O O O O O B-Disease I-Disease I-Disease I-Disease O O O O O O O O B-Disease O O,5,familial adenomatous polyposis | FAP | autosomal dominant disease | colorectal adenomas and carcinoma | APC
NCBI_TEST_0641,"A variant of FAP is attenuated adenomatous polyposis coli , which results from germ - line mutations in the 5 and 3 regions of the APC gene .",28,O O O B-Disease O B-Disease I-Disease I-Disease I-Disease O O O O O O O O O O O O O O O O B-Disease O O,3,FAP | attenuated adenomatous polyposis coli | APC
NCBI_TEST_0642,"Attenuated adenomatous polyposis coli patients have "" multiple "" colorectal adenomas ( typically fewer than 100 ) without the florid phenotype of classical FAP .",25,B-Disease I-Disease I-Disease I-Disease O O O O O B-Disease I-Disease O O O O O O O O O O O O B-Disease O,3,Attenuated adenomatous polyposis coli | colorectal adenomas | FAP
NCBI_TEST_0643,"Another group of patients with multiple adenomas has no mutations in the APC gene , and their phenotype probably results from variation at a locus , or loci , elsewhere in the genome .",34,O O O O O O B-Disease O O O O O B-Disease O O O O O O O O O O O O O O O O O O O O O,2,adenomas | APC
NCBI_TEST_0644,"Recently , however , a missense variant of APC ( I1307K ) was described that confers an increased risk of colorectal tumors , including multiple adenomas , in Ashkenazim .",30,O O O O O O O O B-Disease O O O O O O O O O O O B-Disease I-Disease O O O B-Disease O O O O,3,APC | colorectal tumors | adenomas
NCBI_TEST_0645,We have studied a set of 164 patients with multiple colorectal adenomas and / or carcinoma and analyzed codons 1263 - 1377 ( exon 15G ) of the APC gene for germ - line variants .,36,O O O O O O O O O O B-Disease I-Disease I-Disease I-Disease I-Disease I-Disease O O O O O O O O O O O O B-Disease O O O O O O O,2,colorectal adenomas and / or carcinoma | APC
NCBI_TEST_0646,"Three patients with the I1307K allele were detected , each of Ashkenazi descent .",14,O O O O O O O O O O O O O O,0,
NCBI_TEST_0647,Four patients had a germ - line E1317Q missense variant of APC that was not present in controls ; one of these individuals had an unusually large number of metaplastic polyps of the colorectum .,35,O O O O O O O O O O O O O O O O O O O O O O O O O O O O O B-Disease I-Disease I-Disease I-Disease I-Disease O,1,metaplastic polyps of the colorectum
NCBI_TEST_0648,"There is increasing evidence that there exist germ - line variants of the APC gene that predispose to the development of multiple colorectal adenomas and carcinoma , but without the florid phenotype of classical FAP , and possibly with importance for colorectal cancer risk in the general population . .",50,O O O O O O O O O O O O O B-Disease O O O O O O O O B-Disease I-Disease I-Disease I-Disease O O O O O O O O B-Disease O O O O O O B-Disease I-Disease O O O O O O O,4,APC | colorectal adenomas and carcinoma | FAP | colorectal cancer
NCBI_TEST_0649,Genomic structure of the human congenital chloride diarrhea ( CLD ) gene .,13,O O O O O B-Disease I-Disease I-Disease O B-Disease O O O,2,congenital chloride diarrhea | CLD
NCBI_TEST_0650,Congenital chloride diarrhea ( CLD ) is caused by mutations in a gene which encodes an intestinal anion transporter .,20,B-Disease I-Disease I-Disease O B-Disease O O O O O O O O O O O O O O O,2,Congenital chloride diarrhea | CLD
NCBI_TEST_0651,"We report here the complete genomic organization of the human CLD gene which spans approximately 39kb , and comprises 21 exons .",22,O O O O O O O O O O B-Disease O O O O O O O O O O O,1,CLD
NCBI_TEST_0652,All exon / intron boundaries conform to the GT / AG rule .,13,O O O O O O O O O O O O O,0,
NCBI_TEST_0653,An analysis of the putative promoter region sequence shows a putative TATA box and predicts multiple transcription factor binding sites .,21,O O O O O O O O O O O O O O O O O O O O O,0,
NCBI_TEST_0654,The genomic structure was determined using DNA from several sources including multiple large - insert libaries and genomic DNA from Finnish CLD patients and controls .,26,O O O O O O O O O O O O O O O O O O O O O B-Disease O O O O,1,CLD
NCBI_TEST_0655,Exon - specific primers developed in this study will facilitate mutation screening studies of patients with the disease .,19,O O O O O O O O O O O O O O O O O O O,0,
NCBI_TEST_0656,"Genomic sequencing of a BAC clone H _ RG364P16 revealed the presence of another , highly homologous gene 3 of the CLD gene , with a similar genomic structure , recently identified as the Pendred syndrome gene ( PDS ) . .",42,O O O O O O O O O O O O O O O O O O O O O B-Disease O O O O O O O O O O O O B-Disease I-Disease O O B-Disease O O O,3,CLD | Pendred syndrome | PDS
NCBI_TEST_0657,The APCI1307K allele and cancer risk in a community - based study of Ashkenazi Jews .,16,O O O O B-Disease O O O O O O O O O O O,1,cancer
NCBI_TEST_0658,"Mutations in APC are classically associated with familial adenomatous polyposis ( FAP ) , a highly penetrant autosomal dominant disorder characterized by multiple intestinal polyps and , without surgical intervention , the development of colorectal cancer ( CRC ) .",40,O O O O O O O B-Disease I-Disease I-Disease O B-Disease O O O O O B-Disease I-Disease I-Disease O O O O B-Disease O O O O O O O O O B-Disease I-Disease O B-Disease O O,6,familial adenomatous polyposis | FAP | autosomal dominant disorder | polyps | colorectal cancer | CRC
NCBI_TEST_0659,"APC is a tumour - suppressor gene , and somatic loss occurs in tumours .",15,B-Disease O O O O O O O O O O O O B-Disease O,2,APC | tumours
NCBI_TEST_0660,The germline T - to - A transversion responsible for the APC I1307K allele converts the wild - type sequence to a homopolymer tract ( A8 ) that is genetically unstable and prone to somatic mutation .,37,O O O O O O O O O O O O O O O O O O O O O O O O O O O O O O O O O O O O O,0,
NCBI_TEST_0661,The I1307K allele was found in 6 .,8,O O O O O O O O,0,
NCBI_TEST_0662,1 % of unselected Ashkenazi Jews and higher proportions of Ashkenazim with family or personal histories of CRC ( ref . 2 ) .,24,O O O O O O O O O O O O O O O O O B-Disease O O O O O O,1,CRC
NCBI_TEST_0663,"To evaluate the role of I1307K in cancer , we genotyped 5 , 081 Ashkenazi volunteers in a community survey .",21,O O O O O O O B-Disease O O O O O O O O O O O O O,1,cancer
NCBI_TEST_0664,"Risk of developing colorectal , breast and other cancers were compared between genotyped I1307K carriers and non - carriers and their first - degree relatives .",26,O O O B-Disease I-Disease I-Disease I-Disease I-Disease I-Disease O O O O O O O O O O O O O O O O O,1,"colorectal , breast and other cancers"
NCBI_TEST_0665,Sperm DNA analysis in a Friedreich ataxia premutation carrier suggests both meiotic and mitotic expansion in the FRDA gene .,20,O O O O O B-Disease I-Disease O O O O O O O O O O B-Disease O O,2,Friedreich ataxia | FRDA
NCBI_TEST_0666,Friedreich ataxia is usually caused by an expansion of a GAA trinucleotide repeat in intron 1 of the FRDA gene .,21,B-Disease I-Disease O O O O O O O O O O O O O O O O B-Disease O O,2,Friedreich ataxia | FRDA
NCBI_TEST_0667,"Occasionally , a fully expanded allele has been found to arise from a premutation of 100 or less triplet repeats .",21,O O O O O O O O O O O O O O O O O O O O O,0,
NCBI_TEST_0668,We have examined the sperm DNA of a premutation carrier .,11,O O O O O O O O O O O,0,
NCBI_TEST_0669,This mans leucocyte DNA showed one normal allele and one allele of approximately 100 repeats .,16,O O O O O O O O O O O O O O O O,0,
NCBI_TEST_0670,His sperm showed an expanded allele in a tight range centering on a size of approximately 320 trinucleotide repeats .,20,O O O O O O O O O O O O O O O O O O O O,0,
NCBI_TEST_0671,His affected son has repeat sizes of 1040 and 540 .,11,O O O O O O O O O O O,0,
NCBI_TEST_0672,"These data suggest that expansion occurs in two stages , the first during meiosis followed by a second mitotic expansion .",21,O O O O O O O O O O O O O O O O O O O O O,0,
NCBI_TEST_0673,"We also show that in all informative carrier father to affected child transmissions , with the notable exception of the premutation carrier , the expansion size decreases . .",29,O O O O O O O O O O O O O O O O O O O O O O O O O O O O O,0,
NCBI_TEST_0674,The R496H mutation of arylsulfatase A does not cause metachromatic leukodystrophy .,12,O O O O O O O O O B-Disease I-Disease O,1,metachromatic leukodystrophy
NCBI_TEST_0675,Deficiency of arylsulfatase A ( ARSA ) enzyme activity causes metachromatic leukodystrophy ( MLD ) .,16,B-Disease I-Disease I-Disease I-Disease O O O O O O B-Disease I-Disease O B-Disease O O,3,Deficiency of arylsulfatase A | metachromatic leukodystrophy | MLD
NCBI_TEST_0676,A number of ARSA gene mutations responsible for MLD have been identified .,13,O O O O O O O O B-Disease O O O O,1,MLD
NCBI_TEST_0677,"Recently , the R496H mutation of ARSA was proposed to be a cause of MLD ( Draghia et al . , 1997 ) .",24,O O O O O O O O O O O O O O B-Disease O O O O O O O O O,1,MLD
NCBI_TEST_0678,"We have investigated the R496H mutation and found this mutation at a relatively high frequency in an African American population ( f = 0 . 09 , n = 61 subjects ) .",33,O O O O O O O O O O O O O O O O O O O O O O O O O O O O O O O O O,0,
NCBI_TEST_0679,The ARSA enzyme activity in subjects with and without the R496H mutation was determined and found to be normal .,20,O O O O O O O O O O O O O O O O O O O O,0,
NCBI_TEST_0680,It is therefore concluded that the R496H mutation of ARSA does not negatively influence the activity of ARSA and is not a cause of MLD,25,O O O O O O O O O O O O O O O O O O O O O O O O B-Disease,1,MLD
NCBI_TEST_0681,Down - regulation of transmembrane carbonic anhydrases in renal cell carcinoma cell lines by wild - type von Hippel - Lindau transgenes .,23,O O O O O O O O B-Disease I-Disease I-Disease O O O O O O B-Disease I-Disease I-Disease I-Disease O O,2,renal cell carcinoma | von Hippel - Lindau
NCBI_TEST_0682,"To discover genes involved in von Hippel - Lindau ( VHL ) - mediated carcinogenesis , we used renal cell carcinoma cell lines stably transfected with wild - type VHL - expressing transgenes .",34,O O O O O B-Disease I-Disease I-Disease I-Disease O B-Disease O O O O O O O B-Disease I-Disease I-Disease O O O O O O O O O O O O O,3,von Hippel - Lindau | VHL | renal cell carcinoma
NCBI_TEST_0683,"Large - scale RNA differential display technology applied to these cell lines identified several differentially expressed genes , including an alpha carbonic anhydrase gene , termed CA12 .",28,O O O O O O O O O O O O O O O O O O O O O O O O O O O O,0,
NCBI_TEST_0684,The deduced protein sequence was classified as a one - pass transmembrane CA possessing an apparently intact catalytic domain in the extracellular CA module .,25,O O O O O O O O O O O O O O O O O O O O O O O O O,0,
NCBI_TEST_0685,Reintroduced wild - type VHL strongly inhibited the overexpression of the CA12 gene in the parental renal cell carcinoma cell lines .,22,O O O O B-Disease O O O O O O O O O O O B-Disease I-Disease I-Disease O O O,2,VHL | renal cell carcinoma
NCBI_TEST_0686,"Similar results were obtained with CA9 , encoding another transmembrane CA with an intact catalytic domain .",17,O O O O O O O O O O O O O O O O O,0,
NCBI_TEST_0687,"Although both domains of the VHL protein contribute to regulation of CA12 expression , the elongin binding domain alone could effectively regulate CA9 expression .",25,O O O O O B-Disease O O O O O O O O O O O O O O O O O O O,1,VHL
NCBI_TEST_0688,We mapped CA12 and CA9 loci to chromosome bands 15q22 and 17q21 .,13,O O O O O O O O O O O O O,0,
NCBI_TEST_0689,"2 respectively , regions prone to amplification in some human cancers .",12,O O O O O O O O O O B-Disease O,1,cancers
NCBI_TEST_0690,Additional experiments are needed to define the role of CA IX and CA XII enzymes in the regulation of pH in the extracellular microenvironment and its potential impact on cancer cell growth .,33,O O O O O O O O O O O O O O O O O O O O O O O O O O O O O B-Disease O O O,1,cancer
NCBI_TEST_0691,A gene encoding a transmembrane protein is mutated in patients with diabetes mellitus and optic atrophy ( Wolfram syndrome ) .,21,O O O O O O O O O O O B-Disease I-Disease O B-Disease I-Disease O B-Disease I-Disease O O,3,diabetes mellitus | optic atrophy | Wolfram syndrome
NCBI_TEST_0692,Wolfram syndrome ( WFS ; OMIM 222300 ) is an autosomal recessive neurodegenerative disorder defined by young - onset non - immune insulin - dependent diabetes mellitus and progressive optic atrophy .,32,B-Disease I-Disease O B-Disease O O O O O O B-Disease I-Disease I-Disease I-Disease O O O O O O O O B-Disease I-Disease I-Disease I-Disease I-Disease O O B-Disease I-Disease O,5,Wolfram syndrome | WFS | autosomal recessive neurodegenerative disorder | insulin - dependent diabetes mellitus | optic atrophy
NCBI_TEST_0693,Linkage to markers on chromosome 4p was confirmed in five families .,12,O O O O O O O O O O O O,0,
NCBI_TEST_0694,"On the basis of meiotic recombinants and disease - associated haplotypes , the WFS gene was localized to a BAC / P1 contig of less than 250 kb .",29,O O O O O O O O O O O O O B-Disease O O O O O O O O O O O O O O O,1,WFS
NCBI_TEST_0695,"Mutations in a novel gene ( WFS1 ) encoding a putative transmembrane protein were found in all affected individuals in six WFS families , and these mutations were associated with the disease phenotype .",34,O O O O O O O O O O O O O O O O O O O O O B-Disease O O O O O O O O O O O O,1,WFS
NCBI_TEST_0696,WFS1 appears to function in survival of islet beta - cells and neurons . .,15,O O O O O O O O O O O O O O O,0,
NCBI_TEST_0697,Stable interaction between the products of the BRCA1 and BRCA2 tumor suppressor genes in mitotic and meiotic cells .,19,O O O O O O O O O O B-Disease O O O O O O O O,1,tumor
NCBI_TEST_0698,"BRCA1 and BRCA2 account for most cases of familial , early onset breast and / or ovarian cancer and encode products that each interact with hRAD51 .",27,O O O O O O O O O O O O B-Disease I-Disease I-Disease I-Disease I-Disease I-Disease O O O O O O O O O,1,breast and / or ovarian cancer
NCBI_TEST_0699,Results presented here show that BRCA1 and BRCA2 coexist in a biochemical complex and colocalize in subnuclear foci in somatic cells and on the axial elements of developing synaptonemal complexes .,31,O O O O O O O O O O O O O O O O O O O O O O O O O O O O O O O,0,
NCBI_TEST_0700,"Like BRCA1 and RAD51 , BRCA2 relocates to PCNA + replication sites following exposure of S phase cells to hydroxyurea or UV irradiation .",24,O O O O O O O O O O O O O O O O O O O O O O O O,0,
NCBI_TEST_0701,"Thus , BRCA1 and BRCA2 participate , together , in a pathway ( s ) associated with the activation of double - strand break repair and / or homologous recombination .",31,O O O O O O O O O O O O O O O O O O O O O O O O O O O O O O O,0,
NCBI_TEST_0702,Dysfunction of this pathway may be a general phenomenon in the majority of cases of hereditary breast and / or ovarian cancer . .,24,O O O O O O O O O O O O O O O B-Disease I-Disease I-Disease I-Disease I-Disease I-Disease I-Disease O O,1,hereditary breast and / or ovarian cancer
NCBI_TEST_0703,A novel Arg362Ser mutation in the sterol 27 - hydroxylase gene ( CYP27 ) : its effects on pre - mRNA splicing and enzyme activity .,26,O O O O O O O O O O O O O O O O O O O O O O O O O O,0,
NCBI_TEST_0704,A novel C to A mutation in the sterol 27 - hydroxylase gene ( CYP27 ) was identified by sequencing amplified CYP27 gene products from a patient with cerebrotendinous xanthomatosis ( CTX ) .,34,O O O O O O O O O O O O O O O O O O O O O O O O O O O O B-Disease I-Disease O B-Disease O O,2,cerebrotendinous xanthomatosis | CTX
NCBI_TEST_0705,"The mutation changed the adrenodoxin cofactor binding residue 362Arg to 362Ser ( CGT 362Arg to AGT 362Ser ) , and was responsible for deficiency in the sterol 27 - hydroxylase activity , as confirmed by expression of mutant cDNA into COS - 1 cells .",45,O O O O O O O O O O O O O O O O O O O O O O O O O O O O O O O O O O O O O O O O O O O O O,0,
NCBI_TEST_0706,Quantitative analysis showed that the expression of CYP27 gene mRNA in the patient represented 52 .,16,O O O O O O O O O O O O O O O O,0,
NCBI_TEST_0707,5 % of the normal level .,7,O O O O O O O,0,
NCBI_TEST_0708,"As the mutation occurred at the penultimate nucleotide of exon 6 ( - 2 position of exon 6 - intron 6 splice site ) of the gene , we hypothesized that the mutation may partially affect the normal splicing efficiency in exon 6 and cause alternative splicing elsewhere , which resulted in decreased transcript in the patient .",58,O O O O O O O O O O O O O O O O O O O O O O O O O O O O O O O O O O O O O O O O O O O O O O O O O O O O O O O O O O,0,
NCBI_TEST_0709,"Transfection of constructed minigenes , with or without the mutation , into COS - 1 cells confirmed that the mutant minigene was responsible for a mRNA species alternatively spliced at an activated cryptic 5 splice site 88 bp upstream from the 3 end of exon 6 .",47,O O O O O O O O O O O O O O O O O O O O O O O O O O O O O O O O O O O O O O O O O O O O O O O,0,
NCBI_TEST_0710,"Our data suggest that the C to A mutation at the penultimate nucleotide of exon 6 of the CYP27 gene not only causes the deficiency in the sterol 27 - hydroxylase activity , but also partially leads to alternative pre - mRNA splicing of the gene .",47,O O O O O O O O O O O O O O O O O O O O O O O O B-Disease I-Disease I-Disease I-Disease I-Disease I-Disease I-Disease I-Disease O O O O O O O O O O O O O O O,1,deficiency in the sterol 27 - hydroxylase activity
NCBI_TEST_0711,"To our knowledge , this is the first report regarding effects on pre - mRNA splicing of a mutation at the - 2 position of a 5 splice site .",30,O O O O O O O O O O O O O O O O O O O O O O O O O O O O O O,0,
NCBI_TEST_0712,ATM germline mutations in classical ataxia - telangiectasia patients in the Dutch population .,14,O O O O O B-Disease I-Disease I-Disease O O O O O O,1,ataxia - telangiectasia
NCBI_TEST_0713,Germline mutations in the ATM gene are responsible for the autosomal recessive disorder ataxia - telangiectasia ( A - T ) .,22,O O O O O O O O O O B-Disease I-Disease I-Disease B-Disease I-Disease I-Disease O B-Disease I-Disease I-Disease O O,3,autosomal recessive disorder | ataxia - telangiectasia | A - T
NCBI_TEST_0714,"In our study , we have determined the ATM mutation spectrum in 19 classical A - T patients , including some immigrant populations , as well as 12 of Dutch ethnic origin .",33,O O O O O O O O O O O O O O B-Disease I-Disease I-Disease O O O O O O O O O O O O O O O O,1,A - T
NCBI_TEST_0715,"Both the protein truncation test ( PTT ) and the restriction endonuclease fingerprinting ( REF ) method were used and compared for their detection efficiency , identifying 76 % and 60 % of the mutations , respectively .",38,O O O O O O O O O O O O O O O O O O O O O O O O O O O O O O O O O O O O O O,0,
NCBI_TEST_0716,Most patients were found to be compound heterozygote .,9,O O O O O O O O O,0,
NCBI_TEST_0717,"Seventeen mutations were distinct , of which 10 were not reported previously .",13,O O O O O O O O O O O O O,0,
NCBI_TEST_0718,Mutations are small deletions or point mutations frequently affecting splice sites .,12,O O O O O O O O O O O O,0,
NCBI_TEST_0719,"Moreover , a 16 .",5,O O O O O,0,
NCBI_TEST_0720,"7 - kb genomic deletion of the 3 end of the gene , most likely a result of recombination between two LINE elements , was identified .",27,O O O O O O O O O O O O O O O O O O O O O O O O O O O,0,
NCBI_TEST_0721,"The most frequently found mutation , identified in three unrelated Turkish A - T individuals , was previously described to be a Turkish A - T founder mutation .",29,O O O O O O O O O O O B-Disease I-Disease I-Disease O O O O O O O O O B-Disease I-Disease I-Disease O O O,2,A - T | A - T
NCBI_TEST_0722,The presence of a founder mutation among relatively small ethnic population groups in Western Europe could indicate a high carrier frequency in such communities .,25,O O O O O O O O O O O O O O O O O O O O O O O O O,0,
NCBI_TEST_0723,"In patients of Dutch ethnic origin , however , no significant founder effect could be identified .",17,O O O O O O O O O O O O O O O O O,0,
NCBI_TEST_0724,The observed genetic heterogeneity including the relative high percentage of splice - site mutations had no reflection on the phenotype .,21,O O O O O O O O O O O O O O O O O O O O O,0,
NCBI_TEST_0725,All patients manifested classical A - T and increased cellular radioresistant DNA synthesis .,14,O O O O B-Disease I-Disease I-Disease O O O O O O O,1,A - T
NCBI_TEST_0726,Determination of the genomic structure of the COL4A4 gene and of novel mutations causing autosomal recessive Alport syndrome .,19,O O O O O O O O O O O O O O B-Disease I-Disease I-Disease I-Disease O,1,autosomal recessive Alport syndrome
NCBI_TEST_0727,"Autosomal recessive Alport syndrome is a progressive hematuric glomerulonephritis characterized by glomerular basement membrane abnormalities and associated with mutations in either the COL4A3 or the COL4A4 gene , which encode the alpha3 and alpha4 type IV collagen chains , respectively .",41,B-Disease I-Disease I-Disease I-Disease O O O B-Disease I-Disease O O B-Disease I-Disease I-Disease I-Disease O O O O O O O O O O O O O O O O O O O O O O O O O O,3,Autosomal recessive Alport syndrome | hematuric glomerulonephritis | glomerular basement membrane abnormalities
NCBI_TEST_0728,"To date , mutation screening in the two genes has been hampered by the lack of genomic structure information .",20,O O O O O O O O O O O O O O O O O O O O,0,
NCBI_TEST_0729,"We report here the complete characterization of the 48 exons of the COL4A4 gene , a comprehensive gene screen , and the subsequent detection of 10 novel mutations in eight patients diagnosed with autosomal recessive Alport syndrome .",38,O O O O O O O O O O O O O O O O O O O O O O O O O O O O O O O O O B-Disease I-Disease I-Disease I-Disease O,1,autosomal recessive Alport syndrome
NCBI_TEST_0730,"Furthermore , we identified a glycine to alanine substitution in the collagenous domain that is apparently silent in the heterozygous carriers , in 11 .",25,O O O O O O O O O O O O O O O O O O O O O O O O O,0,
NCBI_TEST_0731,"5 % of all control individuals , and in one control individual homozygous for this glycine substitution .",18,O O O O O O O O O O O O O O O O O O,0,
NCBI_TEST_0732,There has been no previous finding of a glycine substitution that is not associated with any obvious phenotype in homozygous individuals .,22,O O O O O O O O O O O O O O O O O O O O O O,0,
NCBI_TEST_0733,Founder BRCA1 and BRCA2 mutations in French Canadian breast and ovarian cancer families .,14,O O O O O O O O B-Disease I-Disease I-Disease I-Disease O O,1,breast and ovarian cancer
NCBI_TEST_0734,"We have identified four mutations in each of the breast cancer - susceptibility genes , BRCA1 and BRCA2 , in French Canadian breast cancer and breast / ovarian cancer families from Quebec .",33,O O O O O O O O O B-Disease I-Disease O O O O O O O O O O O B-Disease I-Disease O B-Disease I-Disease I-Disease I-Disease O O O O,3,breast cancer | breast cancer | breast / ovarian cancer
NCBI_TEST_0735,"To identify founder effects , we examined independently ascertained French Canadian cancer families for the distribution of these eight mutations .",21,O O O O O O O O O O O B-Disease O O O O O O O O O,1,cancer
NCBI_TEST_0736,Mutations were found in 41 of 97 families .,9,O O O O O O O O O,0,
NCBI_TEST_0737,Six of eight mutations were observed at least twice .,10,O O O O O O O O O O,0,
NCBI_TEST_0738,"The BRCA1 C4446T mutation was the most common mutation found , followed by the BRCA2 8765delAG mutation .",18,O O O O O O O O O O O O O O O O O O,0,
NCBI_TEST_0739,"Together , these mutations were found in 28 of 41 families identified to have a mutation .",17,O O O O O O O O O O O O O O O O O,0,
NCBI_TEST_0740,The odds of detection of any of the four BRCA1 mutations was 18 .,14,O O O O O O O O O O O O O O,0,
NCBI_TEST_0741,7x greater if one or more cases of ovarian cancer were also present in the family .,17,O O O O O O O O B-Disease I-Disease O O O O O O O,1,ovarian cancer
NCBI_TEST_0742,The odds of detection of any of the four BRCA2 mutations was 5 .,14,O O O O O O O O O O O O O O,0,
NCBI_TEST_0743,3x greater if there were at least five cases of breast cancer in the family .,16,O O O O O O O O O O B-Disease I-Disease O O O O,1,breast cancer
NCBI_TEST_0744,"Interestingly , the presence of a breast cancer case < 36 years of age was strongly predictive of the presence of any of the eight mutations screened .",28,O O O O O O B-Disease I-Disease O O O O O O O O O O O O O O O O O O O O,1,breast cancer
NCBI_TEST_0745,"Carriers of the same mutation , from different families , shared similar haplotypes , indicating that the mutant alleles were likely to be identical by descent for a mutation in the founder population .",34,O O O O O O O O O O O O O O O O O O O O O O O O O O O O O O O O O O,0,
NCBI_TEST_0746,The identification of common BRCA1 and BRCA2 mutations will facilitate carrier detection in French Canadian breast cancer and breast / ovarian cancer families .,24,O O O O O O O O O O O O O O O B-Disease I-Disease O B-Disease I-Disease I-Disease I-Disease O O,2,breast cancer | breast / ovarian cancer
NCBI_TEST_0747,Are Dp71 and Dp140 brain dystrophin isoforms related to cognitive impairment in Duchenne muscular dystrophy ?,16,O O O O O O O O O B-Disease I-Disease O B-Disease I-Disease I-Disease O,2,cognitive impairment | Duchenne muscular dystrophy
NCBI_TEST_0748,Molecular study and neuropsychological analysis were performed concurrently on 49 patients with Duchenne muscular dystrophy ( DMD ) in order to find a molecular explanation for the cognitive impairment observed in most DMD patients .,35,O O O O O O O O O O O O B-Disease I-Disease I-Disease O B-Disease O O O O O O O O O O B-Disease I-Disease O O O B-Disease O O,4,Duchenne muscular dystrophy | DMD | cognitive impairment | DMD
NCBI_TEST_0749,Complete analysis of the dystrophin gene was performed to define the localization of deletions and duplications in relation to the different DMD promoters .,24,O O O O O O O O O O O O O O O O O O O O O B-Disease O O,1,DMD
NCBI_TEST_0750,Qualitative analysis of the Dp71 transcript and testing for the specific first exon of Dp140 were also carried out .,20,O O O O O O O O O O O O O O O O O O O O,0,
NCBI_TEST_0751,"Neuropsychological analysis assessed verbal and visuospatial intelligence , verbal memory , and reading skills .",15,O O O O O O O O O O O O O O O,0,
NCBI_TEST_0752,Comparison of molecular and psychometric findings demonstrated that deletions and duplications that were localized in the distal part of the gene seemed to be preferentially associated with cognitive impairment .,30,O O O O O O O O O O O O O O O O O O O O O O O O O O O B-Disease I-Disease O,1,cognitive impairment
NCBI_TEST_0753,Two altered Dp71 transcripts and two deleted Dp140 DNA sequences were found in four patients with severe cerebral dysfunction .,20,O O O O O O O O O O O O O O O O O B-Disease I-Disease O,1,cerebral dysfunction
NCBI_TEST_0754,"These findings suggest that some sequences located in the distal part of the gene and , in particular , some DMD isoforms expressed in the brain may be related to the cognitive impairment associated with DMD . .",38,O O O O O O O O O O O O O O O O O O O O B-Disease O O O O O O O O O O B-Disease I-Disease O O B-Disease O O,3,DMD | cognitive impairment | DMD
NCBI_TEST_0755,I1307K APC and hMLH1 mutations in a non - Jewish family with hereditary non - polyposis colorectal cancer .,19,O O O O O O O O O O O O B-Disease I-Disease I-Disease I-Disease I-Disease I-Disease O,1,hereditary non - polyposis colorectal cancer
NCBI_TEST_0756,We describe a French Canadian hereditary non - polyposis colorectal cancer ( HNPCC ) kindred which carries a novel truncating mutation in hMLH1 .,24,O O O O O B-Disease I-Disease I-Disease I-Disease I-Disease I-Disease O B-Disease O O O O O O O O O O O,2,hereditary non - polyposis colorectal cancer | HNPCC
NCBI_TEST_0757,"Interestingly , the I1307K APC polymorphism , associated with an increased risk of colorectal cancer , is also present in this family .",23,O O O O O O O O O O O O O B-Disease I-Disease O O O O O O O O,1,colorectal cancer
NCBI_TEST_0758,The I1307K polymorphism has previously only been identified in individuals of self - reported Ashkenazi Jewish origins .,18,O O O O O O O O O O O O O O O O O O,0,
NCBI_TEST_0759,"In addition , in this family , there appears to be no relationship between the I1307K polymorphism and the presence or absence of cancer . .",26,O O O O O O O O O O O O O O O O O O O O O O O B-Disease O O,1,cancer
NCBI_TEST_0760,Identification of a novel mutation of the CPO gene in a Japanese hereditary coproporphyria family .,16,O O O O O O O O O O O O B-Disease I-Disease O O,1,hereditary coproporphyria
NCBI_TEST_0761,Hereditary coproporphyria ( HCP ) is an autosomal dominant disease characterized by a deficiency of coproporphyrinogen oxidase ( CPO ) caused by a mutation in the CPO gene .,29,B-Disease I-Disease O B-Disease O O O B-Disease I-Disease I-Disease O O O B-Disease I-Disease I-Disease I-Disease O O O O O O O O O O O O,4,Hereditary coproporphyria | HCP | autosomal dominant disease | deficiency of coproporphyrinogen oxidase
NCBI_TEST_0762,Only 11 mutations of the gene have been reported in HCP patients .,13,O O O O O O O O O O B-Disease O O,1,HCP
NCBI_TEST_0763,We report another mutation in a Japanese family .,9,O O O O O O O O O,0,
NCBI_TEST_0764,"Polymerase chain reaction - single strand conformational polymorphism and direct sequence analyses demonstrated a C to T substitution in exon 1 of the CPO gene at nucleotide position 85 , which lies in the putative presequence for targeting to mitochondria .",41,O O O O O O O O O O O O O O O O O O O O O O O O O O O O O O O O O O O O O O O O O,0,
NCBI_TEST_0765,This mutation changes the codon for glutamine to a termination codon at amino acid position 29 .,17,O O O O O O O O O O O O O O O O O,0,
NCBI_TEST_0766,MaeI restriction analysis showed two other carriers in the family .,11,O O O O O O O O O O O,0,
NCBI_TEST_0767,"The C - T mutation is located within a recently proposed putative alternative translation initiation codon ( TIC - 1 ) , supporting that TIC - 1 is the real TIC rather than TIC - 2 . .",38,O O O O O O O O O O O O O O O O O O O O O O O O O O O O O O O O O O O O O O,0,
NCBI_TEST_0768,Human complement factor H deficiency associated with hemolytic uremic syndrome .,11,B-Disease I-Disease I-Disease I-Disease I-Disease O O B-Disease I-Disease I-Disease O,2,Human complement factor H deficiency | hemolytic uremic syndrome
NCBI_TEST_0769,This study reports on six cases of deficiency in the human complement regulatory protein Factor H ( FH ) in the context of an acute renal disease .,28,O O O O O O O B-Disease I-Disease I-Disease I-Disease I-Disease I-Disease I-Disease I-Disease I-Disease O O O O O O O O B-Disease I-Disease I-Disease O,2,deficiency in the human complement regulatory protein Factor H | acute renal disease
NCBI_TEST_0770,Five of the cases were observed in children presenting with idiopathic hemolytic uremic syndrome ( HUS ) .,18,O O O O O O O O O O O B-Disease I-Disease I-Disease O B-Disease O O,2,hemolytic uremic syndrome | HUS
NCBI_TEST_0771,"Two of the children exhibited a homozygous deficiency characterized by the absence of the 150 - kD form of Factor H and the presence , upon immunoblotting , of the 42 - kD Factor H - like protein 1 ( FHL - 1 ) and other FH - related protein ( FHR ) bands .",55,O O O O O O O O O O O O O O O O O O O O O O O O O O O O O O O O O O O O O O O O O O O O O O O O O O O O O O O,0,
NCBI_TEST_0772,Southern blot and PCR analysis of DNA of one patient with homozygous deficiency ruled out the presence of a large deletion of the FH gene as the underlying defect for the deficiency .,33,O O O O O O O O O O O O O O O O O O O O O O O O O O O O O O O O O,0,
NCBI_TEST_0773,The other four children presented with heterozygous deficiency and exhibited a normal immunoblotting pattern of proteins of the FH family .,21,O O O O O O O O O O O O O O O O O O O O O,0,
NCBI_TEST_0774,Factor H deficiency is the only complement deficiency associated with HUS .,12,B-Disease I-Disease I-Disease O O O B-Disease I-Disease O O B-Disease O,3,Factor H deficiency | complement deficiency | HUS
NCBI_TEST_0775,These observations suggest a role for FH and / or FH receptors in the pathogenesis of idiopathic HUS . .,20,O O O O O O O O O O O O O O O O O B-Disease O O,1,HUS
NCBI_TEST_0776,Further evidence for a major ancient mutation underlying myotonic dystrophy from linkage disequilibrium studies in the Japanese population .,19,O O O O O O O O B-Disease I-Disease O O O O O O O O O,1,myotonic dystrophy
NCBI_TEST_0777,"The myotonic dystrophy ( DM ) mutation is an unstable ( CTG ) n repeat , present at a copy number of 5 - 37 repeats on normal chromosomes but amplified to 50 - 3000 copies on DM chromosomes .",40,O B-Disease I-Disease O B-Disease O O O O O O O O O O O O O O O O O O O O O O O O O O O O O O O O B-Disease O O,3,myotonic dystrophy | DM | DM
NCBI_TEST_0778,Previous findings in Caucasian populations of a DM founder chromosome raise a question about the molecular events involved in the expansion mutation .,23,O O O O O O O B-Disease O O O O O O O O O O O O O O O,1,DM
NCBI_TEST_0779,"To investigate whether a founder chromosome for the DM mutation exists in the Japanese population , we genotyped families using polymorphic markers near the ( CTG ) n repeat region and constructed haplotypes .",34,O O O O O O O O B-Disease O O O O O O O O O O O O O O O O O O O O O O O O O,1,DM
NCBI_TEST_0780,Six different haplotypes were found and DM alleles were always haplotype A .,13,O O O O O O B-Disease O O O O O O,1,DM
NCBI_TEST_0781,To find an origin of the ( CTG ) n repeat mutation and to investigate the mechanism of the expansion mutation in the Japanese population we have studied 90 Japanese DM families comprising 190 affected and 130 unaffected members .,40,O O O O O O O O O O O O O O O O O O O O O O O O O O O O O O B-Disease O O O O O O O O O,1,DM
NCBI_TEST_0782,The results suggest that a few common ancestral mutations in both Caucasian and Japanese populations have originated by expansion of an ancestral n = 5 repeat to n = 19 - 37 copies .,34,O O O O O O O O O O O O O O O O O O O O O O O O O O O O O O O O O O,0,
NCBI_TEST_0783,These data support multistep models of triplet repeat expansion that have been proposed for both DM and Friedreichs ataxia . .,21,O O O O O O O O O O O O O O O B-Disease O B-Disease I-Disease O O,2,DM | Friedreichs ataxia
NCBI_TEST_0784,"The molecular basis of C6 deficiency in the western Cape , South Africa .",14,O O O O B-Disease I-Disease O O O O O O O O,1,C6 deficiency
NCBI_TEST_0785,"Deficiency of the sixth component of human complement ( C6 ) has been reported in a number of families from the western Cape , South Africa .",27,B-Disease I-Disease I-Disease I-Disease I-Disease I-Disease I-Disease I-Disease O O O O O O O O O O O O O O O O O O O,1,Deficiency of the sixth component of human complement
NCBI_TEST_0786,Meningococcal disease is endemic in the Cape and almost all pedigrees of total C6 deficiency ( C6Q0 ) have been ascertained because of recurrent disease .,26,B-Disease I-Disease O O O O O O O O O O O B-Disease I-Disease O O O O O O O O O O O,2,Meningococcal disease | C6 deficiency
NCBI_TEST_0787,"We have sequenced the expressed exons of the C6 gene from selected cases and have found three molecular defects leading to total deficiency 879delG , which is the common defect in the Cape and hitherto unreported , and 1195delC and 1936delG , which have been previously reported in African - Americans .",52,O O O O O O O O O O O O O O O O O O O O O O O O O O O O O O O O O O O O O O O O O O O O O O O O O O O O,0,
NCBI_TEST_0788,"We also show that the 879delG and 1195delC defects are associated with characteristic C6 / C7 region DNA marker haplotypes , although small variations were observed .",27,O O O O O O O O O O O O O O O O O O O O O O O O O O O,0,
NCBI_TEST_0789,"The 1936delG defect was observed only once in the Cape , but its associated haplotype could be deduced .",19,O O O O O O O O O O O O O O O O O O O,0,
NCBI_TEST_0790,The data from the haplotypes indicate that these three molecular defects account for the defects in all the 38 unrelated C6Q0 individuals we have studied from the Cape .,29,O O O O O O O O O O O O O O O O O O O O O O O O O O O O O,0,
NCBI_TEST_0791,"We have also observed the 879delG defect in two Dutch C6 - deficient kindreds , but the 879delG defect in the Cape probably did not come from The Netherlands . .",31,O O O O O O O O O O B-Disease I-Disease I-Disease O O O O O O O O O O O O O O O O O O,1,C6 - deficient
NCBI_TEST_0792,Complement C7 deficiency : seven further molecular defects and their associated marker haplotypes .,14,B-Disease I-Disease I-Disease O O O O O O O O O O O,1,Complement C7 deficiency
NCBI_TEST_0793,Seven further molecular bases of C7 deficiency are described .,10,O O O O O B-Disease I-Disease O O O,1,C7 deficiency
NCBI_TEST_0794,"All these new molecular defects involve single - nucleotide events , deletions and substitutions , some of which alter splice sites , and others codons .",26,O O O O O O O O O O O O O O O O O O O O O O O O O O,0,
NCBI_TEST_0795,"They are distributed along the C7 gene , but predominantly towards the 3 end .",15,O O O O O O O O O O O O O O O,0,
NCBI_TEST_0796,All were found in compound heterozygous individuals .,8,O O O O O O O O,0,
NCBI_TEST_0797,The C6 / C7 marker haplotypes associated with most C7 defects are tabulated . .,15,O O O O O O O O O B-Disease I-Disease O O O O,1,C7 defects
NCBI_TEST_0798,A genome - wide search for chromosomal loci linked to mental health wellness in relatives at high risk for bipolar affective disorder among the Old Order Amish .,28,O O O O O O O O O O O O O O O O O O O B-Disease I-Disease I-Disease O O O O O O,1,bipolar affective disorder
NCBI_TEST_0799,Bipolar affective disorder ( BPAD ; manic - depressive illness ) is characterized by episodes of mania and / or hypomania interspersed with periods of depression .,27,B-Disease I-Disease I-Disease O B-Disease O B-Disease I-Disease I-Disease I-Disease O O O O O O B-Disease O O O B-Disease O O O O B-Disease O,6,Bipolar affective disorder | BPAD | manic - depressive illness | mania | hypomania | depression
NCBI_TEST_0800,Compelling evidence supports a significant genetic component in the susceptibility to develop BPAD .,14,O O O O O O O O O O O O B-Disease O,1,BPAD
NCBI_TEST_0801,"To date , however , linkage studies have attempted only to identify chromosomal loci that cause or increase the risk of developing BPAD .",24,O O O O O O O O O O O O O O O O O O O O O O B-Disease O,1,BPAD
NCBI_TEST_0802,"To determine whether there could be protective alleles that prevent or reduce the risk of developing BPAD , similar to what is observed in other genetic disorders , we used mental health wellness ( absence of any psychiatric disorder ) as the phenotype in our genome - wide linkage scan of several large multigeneration Old Order Amish pedigrees exhibiting an extremely high incidence of BPAD .",66,O O O O O O O O O O O O O O O O B-Disease O O O O O O O O B-Disease I-Disease O O O O O O O O O O B-Disease I-Disease O O O O O O O O O O O O O O O O O O O O O O O O O B-Disease O,4,BPAD | genetic disorders | psychiatric disorder | BPAD
NCBI_TEST_0803,"We have found strong evidence for a locus on chromosome 4p at D4S2949 ( maximum GENEHUNTER - PLUS nonparametric linkage score = 4 . 05 , P = 5 . 22 x 10 ( - 4 ) ; SIBPAL Pempirical value < 3 x 10 ( - 5 ) ) and suggestive evidence for a locus on chromosome 4q at D4S397 ( maximum GENEHUNTER - PLUS nonparametric linkage score = 3 . 29 , P = 2 . 57 x 10 ( - 3 ) ; SIBPAL Pempirical value < 1 x 10 ( - 3 ) ) that are linked to mental health wellness .",106,O O O O O O O O O O O O O O O O O O O O O O O O O O O O O O O O O O O O O O O O O O O O O O O O O O O O O O O O O O O O O O O O O O O O O O O O O O O O O O O O O O O O O O O O O O O O O O O O O O O O O O O O O O,0,
NCBI_TEST_0804,These findings are consistent with the hypothesis that certain alleles could prevent or modify the clinical manifestations of BPAD and perhaps other related affective disorders .,26,O O O O O O O O O O O O O O O O O O B-Disease O O O O B-Disease I-Disease O,2,BPAD | affective disorders
NCBI_TEST_0805,Segregation distortion in myotonic dystrophy .,6,O O O B-Disease I-Disease O,1,myotonic dystrophy
NCBI_TEST_0806,"Myotonic dystrophy ( DM ) is an autosomal dominant disease which , in the typical pedigree , shows a three generation anticipation cascade .",24,B-Disease I-Disease O B-Disease O O O B-Disease I-Disease I-Disease O O O O O O O O O O O O O O,3,Myotonic dystrophy | DM | autosomal dominant disease
NCBI_TEST_0807,This results in infertility and congenital myotonic dystrophy ( CDM ) with the disappearance of DM in that pedigree .,20,O O O B-Disease O B-Disease I-Disease I-Disease O B-Disease O O O O O B-Disease O O O O,4,infertility | congenital myotonic dystrophy | CDM | DM
NCBI_TEST_0808,"The concept of segregation distortion , where there is preferential transmission of the larger allele at the DM locus , has been put forward to explain partially the maintenance of DM in the population .",35,O O O O O O O O O O O O O O O O O B-Disease O O O O O O O O O O O O B-Disease O O O O,2,DM | DM
NCBI_TEST_0809,"In a survey of DM in Northern Ireland , 59 pedigrees were ascertained .",14,O O O O B-Disease O O O O O O O O O,1,DM
NCBI_TEST_0810,Sibships where the status of all the members had been identified were examined to determine the transmission of the DM expansion from affected parents to their offspring .,28,O O O O O O O O O O O O O O O O O O O B-Disease O O O O O O O O,1,DM
NCBI_TEST_0811,"Where the transmitting parent was male , 58 .",9,O O O O O O O O O,0,
NCBI_TEST_0812,"3 % of the offspring were affected , and in the case of a female transmitting parent , 68 .",20,O O O O O O O O O O O O O O O O O O O O,0,
NCBI_TEST_0813,7 % were affected .,5,O O O O O,0,
NCBI_TEST_0814,Studies on meiotic drive in DM have shown increased transmission of the larger allele at the DM locus in non - DM heterozygotes for CTGn .,26,O O O O O B-Disease O O O O O O O O O O B-Disease O O O O O O O O O,2,DM | DM
NCBI_TEST_0815,This study provides further evidence that the DM expansion tends to be transmitted preferentially .,15,O O O O O O O B-Disease O O O O O O O,1,DM
NCBI_TEST_0816,Diagnosis of hemochromatosis .,4,O O B-Disease O,1,hemochromatosis
NCBI_TEST_0817,"If untreated , hemochromatosis can cause serious illness and early death , but the disease is still substantially under - diagnosed .",22,O O O B-Disease O O O O O B-Disease I-Disease O O O O O O O O O O O,2,hemochromatosis | early death
NCBI_TEST_0818,The cornerstone of screening and case detection is the measurement of serum transferrin saturation and the serum ferritin level .,20,O O O O O O O O O O O O O O O O O O O O,0,
NCBI_TEST_0819,"Once the diagnosis is suspected , physicians must use serum ferritin levels and hepatic iron stores on liver biopsy specimens to assess patients for the presence of iron overload .",30,O O O O O O O O O O O O O O O O O O O O O O O O O O O B-Disease I-Disease O,1,iron overload
NCBI_TEST_0820,"Liver biopsy is also used to establish the presence or absence of cirrhosis , which can affect prognosis and management .",21,O O O O O O O O O O O O B-Disease O O O O O O O O,1,cirrhosis
NCBI_TEST_0821,"A DNA - based test for the HFE gene is commercially available , but its place in the diagnosis of hemochromatosis is still being evaluated .",26,O O O O O O O O O O O O O O O O O O O O B-Disease O O O O O,1,hemochromatosis
NCBI_TEST_0822,"Currently , the most useful role for this test is in the detection of hemochromatosis in the family members of patients with a proven case of the disease .",29,O O O O O O O O O O O O O O B-Disease O O O O O O O O O O O O O O,1,hemochromatosis
NCBI_TEST_0823,It is crucial to diagnose hemochromatosis before hepatic cirrhosis develops because phlebotomy therapy can avert serious chronic disease and can even lead to normal life expectancy . .,28,O O O O O B-Disease O B-Disease I-Disease O O O O O O O O O O O O O O O O O O O,2,hemochromatosis | hepatic cirrhosis
NCBI_TEST_0824,Prevalence of the I1307K APC gene variant in Israeli Jews of differing ethnic origin and risk for colorectal cancer .,20,O O O O B-Disease O O O O O O O O O O O O B-Disease I-Disease O,2,APC | colorectal cancer
NCBI_TEST_0825,"BACKGROUND & AIMS Israeli Jews of European birth , i . e . , Ashkenazim , have the highest colorectal cancer incidence of any Israeli ethnic group .",28,O O O O O O O O O O O O O O O O O O O B-Disease I-Disease O O O O O O O,1,colorectal cancer
NCBI_TEST_0826,The I1307K APC gene variant was found in 6 .,10,O O B-Disease O O O O O O O,1,APC
NCBI_TEST_0827,"1 % of American Jews , 28 % of their familial colorectal cancer cases , but not in non - Jews .",22,O O O O O O O O O O O B-Disease I-Disease O O O O O O O O O,1,colorectal cancer
NCBI_TEST_0828,We assessed the I1307K prevalence in Israeli Jews of differing ethnic origin and risk for colorectal cancer .,18,O O O O O O O O O O O O O O O B-Disease I-Disease O,1,colorectal cancer
NCBI_TEST_0829,"METHODS DNA samples from 500 unrelated Jews of European or non - European origin , with or without a personal and / or family history of neoplasia , were examined for the I1307K variant by the allele - specific oligonucleotide ( ASO ) method .",45,O O O O O O O O O O O O O O O O O O O O O O O O O O B-Disease O O O O O O O O O O O O O O O O O O,1,neoplasia
NCBI_TEST_0830,"RESULTS In persons at average risk for colorectal cancer , I1307K was found in 5 .",16,O O O O O O O B-Disease I-Disease O O O O O O O,1,colorectal cancer
NCBI_TEST_0831,0 % of 120 European and 1 .,8,O O O O O O O O,0,
NCBI_TEST_0832,6 % of 188 non - European Jews ( P = 0 . 08 ) .,16,O O O O O O O O O O O O O O O O,0,
NCBI_TEST_0833,It occurred in 15 .,5,O O O O O,0,
NCBI_TEST_0834,4 % of 52 Ashkenazi Israelis with familial cancer ( P = 0 . 02 ) and was not detected in 51 non - European Jews at increased cancer risk .,31,O O O O O O O O B-Disease O O O O O O O O O O O O O O O O O O O B-Disease O O,2,cancer | cancer
NCBI_TEST_0835,"Colorectal neoplasia occurred personally or in the families of 13 of 20 Ashkenazi I1307K carriers , 8 of whom also had a personal or family history of noncolonic neoplasia .",30,B-Disease I-Disease O O O O O O O O O O O O O O O O O O O O O O O O O O B-Disease O,2,Colorectal neoplasia | neoplasia
NCBI_TEST_0836,"CONCLUSIONS The I1307K APC variant may represent a susceptibility gene for colorectal , or other , cancers in Ashkenazi Jews , and partially explains the higher incidence of colorectal cancer in European Israelis .",34,O O O O O O O O O O O B-Disease I-Disease I-Disease I-Disease I-Disease I-Disease O O O O O O O O O O O B-Disease I-Disease O O O O,2,"colorectal , or other , cancers | colorectal cancer"
NCBI_TEST_0837,Systematic analysis of coproporphyrinogen oxidase gene defects in hereditary coproporphyria and mutation update .,14,O O O O O O O O B-Disease I-Disease O O O O,1,hereditary coproporphyria
NCBI_TEST_0838,Hereditary coproporphyria ( HC ) is an acute hepatic porphyria with autosomal dominant inheritance caused by deficient activity of coproporphyrinogen III oxidase ( CPO ) .,26,B-Disease I-Disease O B-Disease O O O O B-Disease I-Disease O O O O O O B-Disease I-Disease I-Disease I-Disease I-Disease I-Disease O O O O,4,Hereditary coproporphyria | HC | hepatic porphyria | deficient activity of coproporphyrinogen III oxidase
NCBI_TEST_0839,"Clinical manifestations of the disease are characterized by acute attacks of neurological dysfunction often precipitated by drugs , fasting , cyclical hormonal changes , or infectious diseases .",28,O O O O O O O O O O O B-Disease I-Disease O O O O O O O O O O O O B-Disease I-Disease O,2,neurological dysfunction | infectious diseases
NCBI_TEST_0840,Skin photosensitivity may also be present .,7,O O O O O O O,0,
NCBI_TEST_0841,"The seven exons , the exon / intron boundaries and part of 3 noncoding sequence of the CPO gene were systematically analyzed by an exon - by - exon denaturing gradient gel electrophoresis ( DGGE ) strategy followed by direct sequencing in seven unrelated heterozygous HC patients from France , Holland , and Czech Republic .",56,O O O O O O O O O O O O O O O O O O O O O O O O O O O O O O O O O O O O O O O O O O O O O B-Disease O O O O O O O O O O,1,HC
NCBI_TEST_0842,Seven novel mutations and two new polymorphisms were detected .,10,O O O O O O O O O O,0,
NCBI_TEST_0843,"Among these mutations two are missense ( G197W , W427R ) , two are nonsense ( Q306X , Q385X ) , two are small deletions ( 662de14bp ; 1168del3bp removing a glycine at position 390 ) , and one is a splicing mutation ( IVS1 - 15c - - > g ) which creates a new acceptor splice site .",60,O O O O O O O O O O O O O O O O O O O O O O O O O O O O O O O O O O O O O O O O O O O O O O O O O O O O O O O O O O O O,0,
NCBI_TEST_0844,"The pathological significance of the point mutations G197W , W427R , and the in - frame deletion 390delGly were assessed by their respective expression in a prokaryotic system using site - directed mutagenesis .",34,O O O O O O O O O O O O O O O O O O O O O O O O O O O O O O O O O O,0,
NCBI_TEST_0845,These mutations resulted in the absence or a dramatic decrease of CPO activity .,14,O O O O O O O O O O O O O O,0,
NCBI_TEST_0846,"The two polymorphisms were localized in noncoding part of the gene 1 ) a C / G polymorphism in the promotor region , 142 bp upstream from the transcriptional initiation site ( - 142C / G ) , and 2 ) a 6 bp deletion polymorphism in the 3 noncoding part of the CPO gene , 574 bp downstream of the last base of the normal termination codon ( + 574 delATTCTT ) .",74,O O O O O O O O O O O O O O O O O O O O O O O O O O O O O O O O O O O O O O O O O O O O O O O O O O O O O O O O O O O O O O O O O O O O O O O O O O,0,
NCBI_TEST_0847,Five intragenic dimorphisms are now well characterized and the high degree of allelic heterogeneity in HC is demonstrated with seven new different mutations making a total of nineteen CPO gene defects reported so far . .,36,O O O O O O O O O O O O O O O B-Disease O O O O O O O O O O O O O B-Disease I-Disease O O O O O,2,HC | gene defects
NCBI_TEST_0848,Coincidence of two novel arylsulfatase A alleles and mutation 459 + 1G > A within a family with metachromatic leukodystrophy : molecular basis of phenotypic heterogeneity .,27,O O O O O O O O O O O O O O O O O O B-Disease I-Disease O O O O O O O,1,metachromatic leukodystrophy
NCBI_TEST_0849,"In a family with three siblings , one developed classical late infantile metachromatic leukodystrophy ( MLD ) , fatal at age 5 years , with deficient arylsulfatase A ( ARSA ) activity and increased galactosylsulfatide ( GS ) excretion .",40,O O O O O O O O O O O O B-Disease I-Disease O B-Disease O O O O O O O O O O O O O O O O O O O O O O O O,2,metachromatic leukodystrophy | MLD
NCBI_TEST_0850,"The two other siblings , apparently healthy at 12 ( 1 / 2 ) and 15 years , respectively , and their father , apparently healthy as well , presented ARSA and GS values within the range of MLD patients .",41,O O O O O O O O O O O O O O O O O O O O O O O O O O O O O O O O O O O O O O B-Disease O O,1,MLD
NCBI_TEST_0851,Mutation screening and sequence analysis disclosed the involvement of three different ARSA mutations being the molecular basis of intrafamilial phenotypic heterogeneity .,22,O O O O O O O O O O O O O O O O O O O O O O,0,
NCBI_TEST_0852,"The late infantile patient inherited from his mother the frequent 0 - type mutation 459 + 1G > A , and from his father a novel , single basepair microdeletion of guanine at nucleotide 7 in exon 1 ( 7delG ) .",42,O O O O O O O O O O O O O O O O O O O O O O O O O O O O O O O O O O O O O O O O O O,0,
NCBI_TEST_0853,"The two clinically unaffected siblings carried the maternal mutation 459 + 1G > A and , on their paternal allele , a novel cytosine to thymidine transition at nucleotide 2435 in exon 8 , resulting in substitution of alanine 464 by valine ( A464V ) .",46,O O O O O O O O O O O O O O O O O O O O O O O O O O O O O O O O O O O O O O O O O O O O O O,0,
NCBI_TEST_0854,The fathers genotype thus was 7delG / A464V .,9,O O O O O O O O O,0,
NCBI_TEST_0855,Mutation A464V was not found in 18 unrelated MLD patients and 50 controls .,14,O O O O O O O O B-Disease O O O O O,1,MLD
NCBI_TEST_0856,"A464V , although clearly modifying ARSA and GS levels , apparently bears little significance for clinical manifestation of MLD , mimicking the frequent ARSA pseudodeficiency allele .",27,O O O O O O O O O O O O O O O O O O B-Disease O O O O O O O O,1,MLD
NCBI_TEST_0857,"Our results demonstrate that in certain genetic conditions MLD - like ARSA and GS values need not be paralleled by clinical disease , a finding with serious diagnostic and prognostic implications .",32,O O O O O O O O B-Disease O O O O O O O O O O O O O O O O O O O O O O O,1,MLD
NCBI_TEST_0858,"Moreover , further ARSA alleles functionally similar to A464V might exist which , together with 0 - type mutations , may cause pathological ARSA and GS levels , but not clinical outbreak of the disease . .",37,O O O O O O O O O O O O O O O O O O O O O O O O O O O O O O O O O O O O O,0,
NCBI_TEST_0859,Human MLH1 deficiency predisposes to hematological malignancy and neurofibromatosis type 1 .,12,O O O O O B-Disease I-Disease O B-Disease I-Disease I-Disease O,2,hematological malignancy | neurofibromatosis type 1
NCBI_TEST_0860,Heterozygous germ - line mutations in the DNA mismatch repair genes lead to hereditary nonpolyposis colorectal cancer .,18,O O O O O O O O O O O O O B-Disease I-Disease I-Disease I-Disease O,1,hereditary nonpolyposis colorectal cancer
NCBI_TEST_0861,The disease susceptibility of individuals who constitutionally lack both wild - type alleles is unknown .,16,O O O O O O O O O O O O O O O O,0,
NCBI_TEST_0862,"We have identified three offspring in a hereditary nonpolyposis colorectal cancer family who developed hematological malignancy at a very early age , and at least two of them displayed signs of neurofibromatosis type 1 ( NF1 ) .",38,O O O O O O O B-Disease I-Disease I-Disease I-Disease O O O B-Disease I-Disease O O O O O O O O O O O O O O O B-Disease I-Disease I-Disease O B-Disease O O,4,hereditary nonpolyposis colorectal cancer | hematological malignancy | neurofibromatosis type 1 | NF1
NCBI_TEST_0863,DNA sequence analysis and allele - specific amplification in two siblings revealed a homozygous MLH1 mutation ( C676T - - > Arg226Stop ) .,24,O O O O O O O O O O O O O O O O O O O O O O O O,0,
NCBI_TEST_0864,"Thus , a homozygous germ - line MLH1 mutation and consequent mismatch repair deficiency results in a mutator phenotype characterized by leukemia and / or lymphoma associated with neurofibromatosis type 1 . .",33,O O O O O O O O O O O O O O O O O O O O O B-Disease O O O B-Disease O O B-Disease I-Disease I-Disease O O,3,leukemia | lymphoma | neurofibromatosis type 1
NCBI_TEST_0865,Missense mutations in the most ancient residues of the PAX6 paired domain underlie a spectrum of human congenital eye malformations .,21,O O O O O O O O O O O O O O O O O B-Disease I-Disease I-Disease O,1,congenital eye malformations
NCBI_TEST_0866,"Mutations of the human PAX6 gene underlie aniridia ( congenital absence of the iris ) , a rare dominant malformation of the eye .",24,O O O O O O O B-Disease O B-Disease I-Disease I-Disease I-Disease I-Disease O O O O O B-Disease I-Disease I-Disease I-Disease O,3,aniridia | congenital absence of the iris | malformation of the eye
NCBI_TEST_0867,"The spectrum of PAX6 mutations in aniridia patients is highly biased , with 92 % of all reported mutations leading to premature truncation of the protein ( nonsense , splicing , insertions and deletions ) and just 2 % leading to substitution of one amino acid by another ( missense ) .",52,O O O O O O B-Disease O O O O O O O O O O O O O O O O O O O O O O O O O O O O O O O O O O O O O O O O O O O O O,1,aniridia
NCBI_TEST_0868,The extraordinary conservation of the PAX6 protein at the amino acid level amongst vertebrates predicts that pathological missense mutations should in fact be common even though they are hardly ever seen in aniridia patients .,35,O O O O O O O O O O O O O O O O O O O O O O O O O O O O O O O O B-Disease O O,1,aniridia
NCBI_TEST_0869,This indicates that there is a heavy ascertainment bias in the selection of patients for PAX6 mutation analysis and that the missing PAX6 missense mutations frequently may underlie phenotypes distinct from textbook aniridia .,34,O O O O O O O O O O O O O O O O O O O O O O O O O O O O O O O O B-Disease O,1,aniridia
NCBI_TEST_0870,"Here we present four novel PAX6 missense mutations , two in association with atypical phenotypes ectopia pupillae ( displaced pupils ) and congenital nystagmus ( searching gaze ) , and two in association with more recognizable aniridia phenotypes .",39,O O O O O O O O O O O O O O O B-Disease I-Disease O B-Disease I-Disease O O B-Disease I-Disease O B-Disease I-Disease O O O O O O O O O B-Disease O O,5,ectopia pupillae | displaced pupils | congenital nystagmus | searching gaze | aniridia
NCBI_TEST_0871,"Strikingly , all four mutations are located within the PAX6 paired domain and affect amino acids which are highly conserved in all known paired domain proteins .",27,O O O O O O O O O O O O O O O O O O O O O O O O O O O,0,
NCBI_TEST_0872,Our results support the hypothesis that the under - representation of missense mutations is caused by ascertainment bias and suggest that a substantial burden of PAX6 - related disease remains to be uncovered . .,35,O O O O O O O O O O O O O O O O O O O O O O O O O B-Disease I-Disease I-Disease I-Disease O O O O O O,1,PAX6 - related disease
NCBI_TEST_0873,"The chromosomal order of genes controlling the major histocompatibility complex , properdin factor B , and deficiency of the second component of complement .",24,O O O O O O O O O O O O O O O O B-Disease I-Disease I-Disease I-Disease I-Disease I-Disease I-Disease O,1,deficiency of the second component of complement
NCBI_TEST_0874,The relationship of the genes coding for HLA to those coding for properdin Factor B allotypes and for deficiency of the second component of complement ( C2 ) was studied in families of patients with connective tissue disorders .,39,O O O O O O O O O O O O O O O O O O B-Disease I-Disease I-Disease I-Disease I-Disease I-Disease I-Disease O O O O O O O O O O O O O O,1,deficiency of the second component of complement
NCBI_TEST_0875,Patients were selected because they were heterozygous or homozygous for C2 deficiency .,13,O O O O O O O O O O B-Disease I-Disease O,1,C2 deficiency
NCBI_TEST_0876,12 families with 15 matings informative for C2 deficiency were found .,12,O O O O O O O B-Disease I-Disease O O O,1,C2 deficiency
NCBI_TEST_0877,"Of 57 informative meioses , two crossovers were noted between the C2 deficiency gene and the HLA - B gene , with a recombinant fraction of 0 .",28,O O O O O O O O O O O B-Disease I-Disease O O O O O O O O O O O O O O O,1,C2 deficiency
NCBI_TEST_0878,035 .,2,O O,0,
NCBI_TEST_0879,A lod score of 13 was calculated for linkage between C2 deficiency and HLA - B at a maximum likelihood value of the recombinant fraction of 0 .,28,O O O O O O O O O O B-Disease I-Disease O O O O O O O O O O O O O O O O,1,C2 deficiency
NCBI_TEST_0880,04 .,2,O O,0,
NCBI_TEST_0881,18 families with 21 informative matings for both properdin Factor B allotype and HLA - B were found .,19,O O O O O O O O O O O O O O O O O O O,0,
NCBI_TEST_0882,"Of 72 informative meioses , three recombinants were found , giving a recombinant fraction of 0 .",17,O O O O O O O O O O O O O O O O O,0,
NCBI_TEST_0883,042 .,2,O O,0,
NCBI_TEST_0884,A lod score of 16 between HLA - B and Factor B allotypes was calculated at a maximum likelihood value of the recombinant fraction of 0 .,27,O O O O O O O O O O O O O O O O O O O O O O O O O O O,0,
NCBI_TEST_0885,04 .,2,O O,0,
NCBI_TEST_0886,"A crossover was shown to have occurred between genes for Factor B and HLA - D , in which HLA - D segregared with HLA - A and B .",30,O O O O O O O O O O O O O O O O O O O O O O O O O O O O O O,0,
NCBI_TEST_0887,"These studies suggest that the genes for Factor B and C2 deficiency are located outside those for HLA , that the order of genese is HLA - A , - B , - D , Factor B allotype , C2 deficiency , that the genes coding for C2 deficiency and Factor B allotypes are approximately 3 - - 5 centimorgans from the HLA - A and HLA - B loci , and that the apparent lack of recombinants between the Factor B gene and C2 deficiency gene suggests that these two genes lie in close proximity to one another .",100,O O O O O O O O O O B-Disease I-Disease O O O O O O O O O O O O O O O O O O O O O O O O O O O B-Disease I-Disease O O O O O O B-Disease I-Disease O O O O O O O O O O O O O O O O O O O O O O O O O O O O O O O O O O O B-Disease I-Disease O O O O O O O O O O O O O O,4,C2 deficiency | C2 deficiency | C2 deficiency | C2 deficiency
NCBI_TEST_0888,Distribution of emerin and lamins in the heart and implications for Emery - Dreifuss muscular dystrophy .,17,O O O O O O O O O O O B-Disease I-Disease I-Disease I-Disease I-Disease O,1,Emery - Dreifuss muscular dystrophy
NCBI_TEST_0889,Emerin is a nuclear membrane protein which is missing or defective in Emery - Dreifuss muscular dystrophy ( EDMD ) .,21,O O O O O O O O O O O O B-Disease I-Disease I-Disease I-Disease I-Disease O B-Disease O O,2,Emery - Dreifuss muscular dystrophy | EDMD
NCBI_TEST_0890,"It is one member of a family of lamina - associated proteins which includes LAP1 , LAP2 and lamin B receptor ( LBR ) .",25,O O O O O O O O O O O O O O O O O O O O O O O O O,0,
NCBI_TEST_0891,A panel of 16 monoclonal antibodies ( mAbs ) has been mapped to six specific sites throughout the emerin molecule using phage - displayed peptide libraries and has been used to localize emerin in human and rabbit heart .,39,O O O O O O O O O O O O O O O O O O O O O O O O O O O O O O O O O O O O O O O,0,
NCBI_TEST_0892,"Several mAbs against different emerin epitopes did not recognize intercalated discs in the heart , though they recognized cardiomyocyte nuclei strongly , both at the rim and in intranuclear spots or channels .",33,O O O O O O O O O O O O O O O O O O O O O O O O O O O O O O O O O,0,
NCBI_TEST_0893,"A polyclonal rabbit antiserum against emerin did recognize both nuclear membrane and intercalated discs but , after affinity purification against a pure - emerin band on a western blot , it stained only the nuclear membrane .",37,O O O O O O O O O O O O O O O O O O O O O O O O O O O O O O O O O O O O O,0,
NCBI_TEST_0894,"These results would not be expected if immunostaining at intercalated discs were due to a product of the emerin gene and , therefore , cast some doubt upon the hypothesis that cardiac defects in EDMD are caused by absence of emerin from intercalated discs .",45,O O O O O O O O O O O O O O O O O O O O O O O O O O O O O O O B-Disease I-Disease O B-Disease O O O O O O O O O O,2,cardiac defects | EDMD
NCBI_TEST_0895,"Although emerin was abundant in the membranes of cardiomyocyte nuclei , it was absent from many non - myocyte cells in the heart .",24,O O O O O O O O O O O O O O O O O O O O O O O O,0,
NCBI_TEST_0896,"This distribution of emerin was similar to that of lamin A , a candidate gene for an autosomal form of EDMD .",22,O O O O O O O O O O O O O O O O O O O O B-Disease O,1,EDMD
NCBI_TEST_0897,"In contrast , lamin B1 was absent from cardiomyocyte nuclei , showing that lamin B1 is not essential for localization of emerin to the nuclear lamina .",27,O O O O O O O O O O O O O O O O O O O O O O O O O O O,0,
NCBI_TEST_0898,Lamin B1 is also almost completely absent from skeletal muscle nuclei .,12,O O O O O O O O O O O O,0,
NCBI_TEST_0899,"In EDMD , the additional absence of lamin B1 from heart and skeletal muscle nuclei which already lack emerin may offer an alternative explanation of why these tissues are particularly affected . .",33,O B-Disease O O O O O O O O O O O O O O O O O O O O O O O O O O O O O O O,1,EDMD
NCBI_TEST_0900,"Genetic mapping of the copper toxicosis locus in Bedlington terriers to dog chromosome 10 , in a region syntenic to human chromosome region 2p13 - p16 .",27,O O O O B-Disease I-Disease O O O O O O O O O O O O O O O O O O O O O,1,copper toxicosis
NCBI_TEST_0901,"Abnormal hepatic copper accumulation is recognized as an inherited disorder in man , mouse , rat and dog .",19,O B-Disease I-Disease I-Disease O O O O B-Disease I-Disease O O O O O O O O O,2,hepatic copper accumulation | inherited disorder
NCBI_TEST_0902,"The major cause of hepatic copper accumulation in man is a dysfunctional ATP7B gene , causing Wilson disease ( WD ) .",22,O O O O B-Disease I-Disease I-Disease O O O O O O O O O B-Disease I-Disease O B-Disease O O,3,hepatic copper accumulation | Wilson disease | WD
NCBI_TEST_0903,Mutations in the ATP7B genes have also been demonstrated in mouse and rat .,14,O O O O O O O O O O O O O O,0,
NCBI_TEST_0904,"The ATP7B gene has been excluded in the much rarer human copper overload disease non - Indian childhood cirrhosis , indicating genetic heterogeneity .",24,O O O O O O O O O O O B-Disease I-Disease O B-Disease I-Disease I-Disease I-Disease I-Disease O O O O O,2,copper overload | non - Indian childhood cirrhosis
NCBI_TEST_0905,"By investigating the common autosomal recessive copper toxicosis ( CT ) in Bedlington terriers , we have identified a new locus involved in progressive liver disease .",27,O O O O O O B-Disease I-Disease O B-Disease O O O O O O O O O O O O O O B-Disease I-Disease O,3,copper toxicosis | CT | liver disease
NCBI_TEST_0906,"We examined whether the WD gene ATP7B was also causative for CT by investigating the chromosomal co - localization of ATP7B and C04107 , using fluorescence in situ hybridization ( FISH ) .",33,O O O O B-Disease O O O O O O B-Disease O O O O O O O O O O O O O O O O O O O O O,2,WD | CT
NCBI_TEST_0907,C04107 is an anonymous microsatellite marker closely linked to CT .,11,O O O O O O O O O B-Disease O,1,CT
NCBI_TEST_0908,"However , BAC clones containing ATP7B and C04107 mapped to the canine chromosome regions CFA22q11 and CFA10q26 , respectively , demonstrating that WD cannot be homologous to CT .",29,O O O O O O O O O O O O O O O O O O O O O O B-Disease O O O O B-Disease O,2,WD | CT
NCBI_TEST_0909,The copper transport genes CTR1 and CTR2 were also excluded as candidate genes for CT since they both mapped to canine chromosome region CFA11q22 .,25,O O O O O O O O O O O O O O B-Disease O O O O O O O O O O,1,CT
NCBI_TEST_0910,2 - 22 .,4,O O O O,0,
NCBI_TEST_0911,5 .,2,O O,0,
NCBI_TEST_0912,"A transcribed sequence identified from the C04107 - containing BAC was found to be homologous to a gene expressed from human chromosome 2p13 - p16 , a region devoid of any positional candidate genes .",35,O O O O O O O O O O O O O O O O O O O O O O O O O O O O O O O O O O O,0,
NCBI_TEST_0913,Molecular analysis of the APC gene in 205 families : extended genotype - phenotype correlations in FAP and evidence for the role of APC amino acid changes in colorectal cancer predisposition .,32,O O O O B-Disease O O O O O O O O O O O B-Disease O O O O O O B-Disease O O O O B-Disease I-Disease O O,4,APC | FAP | APC | colorectal cancer
NCBI_TEST_0914,BACKGROUND / AIMS The development of colorectal cancer and a variable range of extracolonic manifestations in familial adenomatous polyposis ( FAP ) is the result of the dominant inheritance of adenomatous polyposis coli ( APC ) gene mutations .,39,O O O O O O B-Disease I-Disease O O O O O O O O B-Disease I-Disease I-Disease O B-Disease O O O O O O O O O B-Disease I-Disease I-Disease O B-Disease O O O O,5,colorectal cancer | familial adenomatous polyposis | FAP | adenomatous polyposis coli | APC
NCBI_TEST_0915,"In this study , direct mutation analysis of the APC gene was performed to determine genotype - phenotype correlations for nine extracolonic manifestations and to investigate the incidence of APC mutations in non - FAP colorectal cancer .",38,O O O O O O O O O B-Disease O O O O O O O O O O O O O O O O O O O B-Disease O O O O O B-Disease I-Disease O,3,APC | APC | colorectal cancer
NCBI_TEST_0916,"METHODS The APC gene was analysed in 190 unrelated FAP and 15 non - FAP colorectal cancer patients using denaturing gradient gel electrophoresis , the protein truncation test , and direct sequencing .",33,O O B-Disease O O O O O O B-Disease O O O O O B-Disease I-Disease O O O O O O O O O O O O O O O O,3,APC | FAP | colorectal cancer
NCBI_TEST_0917,RESULTS Chain terminating signals were only identified in patients belonging to the FAP group ( 105 patients ) .,19,O O O O O O O O O O O O B-Disease O O O O O O,1,FAP
NCBI_TEST_0918,"Amino acid changes were identified in four patients , three of whom belonged to the non - FAP group of colorectal cancer patients .",24,O O O O O O O O O O O O O O O O O O O O B-Disease I-Disease O O,1,colorectal cancer
NCBI_TEST_0919,Genotype - phenotype correlations identified significant differences in the nature of certain extracolonic manifestations in FAP patients belonging to three mutation subgroups .,23,O O O O O O O O O O O O O O O B-Disease O O O O O O O,1,FAP
NCBI_TEST_0920,CONCLUSIONS Extended genotype - phenotype correlations made in this study may have the potential to determine the most appropriate surveillance and prophylactic treatment regimens for those patients with mutations associated with life threatening conditions .,35,O O O O O O O O O O O O O O O O O O O O O O O O O O O O O O O O O O O,0,
NCBI_TEST_0921,This study also provided evidence for the pathological nature of amino acid changes in APC associated with both FAP and non - FAP colorectal cancer patients . .,28,O O O O O O O O O O O O O O O O O O B-Disease O O O O B-Disease I-Disease O O O,2,FAP | colorectal cancer
NCBI_TEST_0922,Inherited colorectal polyposis and cancer risk of the APC I1307K polymorphism .,12,B-Disease I-Disease I-Disease O B-Disease O O O O O O O,2,Inherited colorectal polyposis | cancer
NCBI_TEST_0923,"Germ - line and somatic truncating mutations of the APC gene are thought to initiate colorectal tumor formation in familial adenomatous polyposis syndrome and sporadic colorectal carcinogenesis , respectively .",30,O O O O O O O O O B-Disease O O O O O B-Disease I-Disease O O B-Disease I-Disease I-Disease I-Disease O O O O O O O,3,APC | colorectal tumor | familial adenomatous polyposis syndrome
NCBI_TEST_0924,"Recently , an isoleucine - - > lysine polymorphism at codon 1307 ( I1307K ) of the APC gene has been identified in 6 % - 7 % of the Ashkenazi Jewish population .",34,O O O O O O O O O O O O O O O O O B-Disease O O O O O O O O O O O O O O O O,1,APC
NCBI_TEST_0925,"To assess the risk of this common APC allelic variant in colorectal carcinogenesis , we have analyzed a large cohort of unselected Ashkenazi Jewish subjects with adenomatous polyps and . or colorectal cancer , for the APC I1307K polymorphism .",40,O O O O O O O B-Disease O O O O O O O O O O O O O O O O O O B-Disease I-Disease O O O B-Disease I-Disease I-Disease O O O O O O,3,"APC | adenomatous polyps | colorectal cancer ,"
NCBI_TEST_0926,The APC I1307K allele was identified in 48 ( 10 . 1 % ) of 476 patients .,18,O O O O O O O O O O O O O O O O O O,0,
NCBI_TEST_0927,"Compared with the frequency in two separate population control groups , the APC I1307K allele is associated with an estimated relative risk of 1 .",25,O O O O O O O O O O O O O O O O O O O O O O O O O,0,
NCBI_TEST_0928,5 - 1 .,4,O O O O,0,
NCBI_TEST_0929,7 for colorectal neoplasia ( both P = . 01 ) .,12,O O B-Disease I-Disease O O O O O O O O,1,colorectal neoplasia
NCBI_TEST_0930,"Furthermore , compared with noncarriers , APC I1307K carriers had increased numbers of adenomas and colorectal cancers per patient ( P = . 03 ) , as well as a younger age at diagnosis .",35,O O O O O O O O O O O O O B-Disease O B-Disease I-Disease O O O O O O O O O O O O O O O O O O,2,adenomas | colorectal cancers
NCBI_TEST_0931,We conclude that the APC I1307K variant leads to increased adenoma formation and directly contributes to 3 % - 4 % of all Ashkenazi Jewish colorectal cancer .,28,O O O O O O O O O O B-Disease O O O O O O O O O O O O O O B-Disease I-Disease O,2,adenoma | colorectal cancer
NCBI_TEST_0932,"The estimated relative risk for carriers may justify specific clinical screening for the 360 , 000 Americans expected to harbor this allele , and genetic testing in the setting of long - term - outcome studies may impact significantly on colorectal cancer prevention in this population .",47,O O O O O O O O O O O O O O O O O O O O O O O O O O O O O O O O O O O O O O O O B-Disease I-Disease O O O O O,1,colorectal cancer
NCBI_TEST_0933,"Localization of human BRCA1 and its loss in high - grade , non - inherited breast carcinomas .",18,O O O O O O O O O O O O B-Disease I-Disease I-Disease I-Disease I-Disease O,1,non - inherited breast carcinomas
NCBI_TEST_0934,"Although the link between the BRCA1 tumour - suppressor gene and hereditary breast and ovarian cancer is established , the role , if any , of BRCA1 in non - familial cancers is unclear .",35,O O O O O O B-Disease O O O O B-Disease I-Disease I-Disease I-Disease I-Disease O O O O O O O O O O O O B-Disease I-Disease I-Disease I-Disease O O O,3,tumour | hereditary breast and ovarian cancer | non - familial cancers
NCBI_TEST_0935,"BRCA1 mutations are rare in sporadic cancers , but loss of BRCA1 resulting from reduced expression or incorrect subcellular localization is postulated to be important in non - familial breast and ovarian cancers .",34,O O O O O B-Disease I-Disease O O O O O O O O O O O O O O O O O O O B-Disease I-Disease I-Disease I-Disease I-Disease I-Disease I-Disease O,2,sporadic cancers | non - familial breast and ovarian cancers
NCBI_TEST_0936,"Epigenetic loss , however , has not received general acceptance due to controversy regarding the subcellular localization of BRCA1 proteins , reports of which have ranged from exclusively nuclear , to conditionally nuclear , to the ER / golgi , to cytoplasmic invaginations into the nucleus .",47,O O O O O O O O O O O O O O O O O O O O O O O O O O O O O O O O O O O O O O O O O O O O O O O,0,
NCBI_TEST_0937,"In an attempt to resolve this issue , we have comprehensively characterized 19 anti - BRCA1 antibodies .",18,O O O O O O O O O O O O O O O O O O,0,
NCBI_TEST_0938,"These reagents detect a 220 - kD protein localized in discrete nuclear foci in all epithelial cell lines , including those derived from breast malignancies .",26,O O O O O O O O O O O O O O O O O O O O O O O B-Disease I-Disease O,1,breast malignancies
NCBI_TEST_0939,"Immunohistochemical staining of human breast specimens also revealed BRCA1 nuclear foci in benign breast , invasive lobular cancers and low - grade ductal carcinomas .",25,O O O O O O O O O O O O O O O B-Disease I-Disease I-Disease O B-Disease I-Disease I-Disease I-Disease I-Disease O,2,invasive lobular cancers | low - grade ductal carcinomas
NCBI_TEST_0940,"Conversely , BRCA1 expression was reduced or undetectable in the majority of high - grade , ductal carcinomas , suggesting that absence of BRCA1 may contribute to the pathogenesis of a significant percentage of sporadic breast cancers . .",39,O O O O O O O O O O O O O O O O B-Disease I-Disease O O O O O O O O O O O O O O O O B-Disease I-Disease I-Disease O O,2,ductal carcinomas | sporadic breast cancers
